-- phpMyAdmin SQL Dump
-- version 4.6.5.2
-- https://www.phpmyadmin.net/
--
-- Host: localhost
-- Generation Time: Mar 21, 2017 at 10:00 AM
-- Server version: 10.1.21-MariaDB
-- PHP Version: 7.1.1

SET SQL_MODE = "NO_AUTO_VALUE_ON_ZERO";
SET time_zone = "+00:00";


/*!40101 SET @OLD_CHARACTER_SET_CLIENT=@@CHARACTER_SET_CLIENT */;
/*!40101 SET @OLD_CHARACTER_SET_RESULTS=@@CHARACTER_SET_RESULTS */;
/*!40101 SET @OLD_COLLATION_CONNECTION=@@COLLATION_CONNECTION */;
/*!40101 SET NAMES utf8mb4 */;

--
-- Database: `MarketManager`
--
CREATE DATABASE IF NOT EXISTS `MarketManager` DEFAULT CHARACTER SET latin1 COLLATE latin1_swedish_ci;
USE `MarketManager`;

-- --------------------------------------------------------

--
-- Table structure for table `crate`
--

DROP TABLE IF EXISTS `crate`;
CREATE TABLE IF NOT EXISTS `crate` (
  `crateID` int(11) NOT NULL AUTO_INCREMENT,
  `crateType` varchar(100) NOT NULL,
  `receivedQty` int(11) NOT NULL,
  `returnedQty` int(11) NOT NULL,
  `price` float NOT NULL,
  PRIMARY KEY (`crateID`)
) ENGINE=InnoDB AUTO_INCREMENT=5 DEFAULT CHARSET=latin1;

--
-- Dumping data for table `crate`
--

INSERT INTO `crate` (`crateID`, `crateType`, `receivedQty`, `returnedQty`, `price`) VALUES
(1, 'XA2W2', 25, 0, 10),
(2, 'HG2A', 2, 0, 3),
(4, 'X245S', 4, 3, 5);

-- --------------------------------------------------------

--
-- Table structure for table `order`
--

DROP TABLE IF EXISTS `order`;
CREATE TABLE IF NOT EXISTS `order` (
  `order_ID` int(10) NOT NULL AUTO_INCREMENT,
  `shop_ID` int(10) NOT NULL,
  `date` date NOT NULL,
  PRIMARY KEY (`order_ID`)
) ENGINE=InnoDB AUTO_INCREMENT=3 DEFAULT CHARSET=latin1 ROW_FORMAT=COMPACT;

--
-- Dumping data for table `order`
--

INSERT INTO `order` (`order_ID`, `shop_ID`, `date`) VALUES
(1, 1, '2017-03-01'),
(2, 1, '2017-03-01');

-- --------------------------------------------------------

--
-- Table structure for table `orders`
--

DROP TABLE IF EXISTS `orders`;
CREATE TABLE IF NOT EXISTS `orders` (
  `orderID` int(10) NOT NULL AUTO_INCREMENT,
  `shopID` int(10) NOT NULL,
  `date` varchar(100) NOT NULL,
  `status` int(11) NOT NULL,
  PRIMARY KEY (`orderID`)
) ENGINE=InnoDB AUTO_INCREMENT=11 DEFAULT CHARSET=latin1 ROW_FORMAT=COMPACT;

--
-- Dumping data for table `orders`
--

INSERT INTO `orders` (`orderID`, `shopID`, `date`, `status`) VALUES
(4, 1, '2017-03-19', 1),
(5, 1, '2017-03-19', 0),
(6, 1, '2017-03-19', 0);

-- --------------------------------------------------------

--
-- Table structure for table `order_each_day`
--

DROP TABLE IF EXISTS `order_each_day`;
CREATE TABLE IF NOT EXISTS `order_each_day` (
  `productOrderID` int(11) NOT NULL AUTO_INCREMENT,
  `orderID` int(10) NOT NULL,
  `productID` int(10) NOT NULL,
  `stockTake` int(10) NOT NULL COMMENT 'So du tu hom truoc',
  `order_quantity` int(10) NOT NULL COMMENT 'So luong order',
  `crateType` varchar(100) NOT NULL COMMENT 'Mã thùng',
  `crate_qty` int(10) NOT NULL COMMENT 'Số lượng thùng',
  `WH1` int(11) NOT NULL,
  `WH2` int(11) NOT NULL,
  `WH T&L` int(11) NOT NULL,
  PRIMARY KEY (`productOrderID`)
) ENGINE=InnoDB AUTO_INCREMENT=14 DEFAULT CHARSET=latin1;

--
-- Dumping data for table `order_each_day`
--

INSERT INTO `order_each_day` (`productOrderID`, `orderID`, `productID`, `stockTake`, `order_quantity`, `crateType`, `crate_qty`, `WH1`, `WH2`, `WH T&L`) VALUES
(1, 1, 24, 12112, 2, 'X245S', 4, 45, 0, 0),
(2, 1, 25, 121, 5, 'XA2W2', 5, 4, 0, 0),
(3, 1, 26, 21, 5, 'XA2W2', 20, 0, 0, 0),
(4, 1, 27, 1, 55, 'X245S', 3, 0, 0, 0),
(5, 1, 28, 1, 55, 'X245S', 2, 0, 0, 0),
(6, 2, 24, 12157, 2, 'X245S', 56, 0, 0, 0),
(7, 2, 25, 125, 5, 'bb', 0, 0, 0, 0),
(8, 2, 26, 21, 8, '', 0, 0, 0, 0),
(9, 2, 27, 1, 8, '', 0, 0, 0, 0),
(10, 3, 24, 12157, 25, '', 0, 0, 0, 0),
(11, 4, 25, 125, 2, 'HG2A', 0, 1, 0, 0),
(12, 4, 27, 1, 5, 'XA2W2', 0, 0, 2, 0),
(13, 4, 28, 1, 2, 'X245S', 0, 1, 0, 0);

-- --------------------------------------------------------

--
-- Table structure for table `product`
--

DROP TABLE IF EXISTS `product`;
CREATE TABLE IF NOT EXISTS `product` (
  `productID` int(11) NOT NULL AUTO_INCREMENT,
  `productName` varchar(200) NOT NULL,
  `price` float NOT NULL,
  `description` varchar(200) DEFAULT NULL,
  PRIMARY KEY (`productID`)
) ENGINE=InnoDB AUTO_INCREMENT=402 DEFAULT CHARSET=latin1;

--
-- Dumping data for table `product`
--

INSERT INTO `product` (`productID`, `productName`, `price`, `description`) VALUES
(25, 'Bitter melon', 1.6, ''),
(27, 'Broccoli', 1, ''),
(28, 'Broccolini', 1, ''),
(29, 'Broccoli ice', 1, ''),
(30, 'Bean sprouts', 1, ''),
(31, 'Baby eggplant', 1, ''),
(32, 'Baby eggplant strip', 1, ''),
(33, 'Beetroots', 1, ''),
(34, 'Beetroots Gourmet', 1, ''),
(35, 'Brusell sprouts', 1, ''),
(36, 'Cabbage', 1, ''),
(37, 'Cab Chinese', 1, ''),
(38, 'Cabbage bin', 1, ''),
(39, 'Cabbage savoy', 1, ''),
(40, 'Cab red', 1, ''),
(41, 'Cauliflower', 1, ''),
(42, 'Celeriac', 1, ''),
(43, 'Celery', 1, ''),
(44, 'Silver beet', 1, ''),
(45, 'Spring onion', 1, ''),
(46, 'Capsicum Red No1', 1, ''),
(47, 'Capsicum red', 1, ''),
(48, 'Caps yellow', 1, ''),
(49, 'Caps green', 1, ''),
(50, 'Caps green sale', 1, ''),
(51, 'Caps Mix', 1, ''),
(52, 'Carrot 1kg', 1, ''),
(53, 'Carrot 1kg sale', 1, ''),
(54, 'Carrot 5kg', 1, ''),
(55, 'Carrot 20kg', 1, ''),
(56, 'Carrot loose', 1, ''),
(57, 'Carrot baby', 1, ''),
(58, 'Chestnuts 1 kg', 1, ''),
(59, 'Chestnuts box', 1, ''),
(60, 'Chestnuts 10 kg', 1, ''),
(61, 'Chilli green big', 1, ''),
(62, 'Chilli red big', 1, ''),
(63, 'Chilli hot small', 1, ''),
(64, 'Yellow Chilli', 1, ''),
(65, 'Chinese melon', 1, ''),
(66, 'ChoKo', 1, ''),
(67, 'Cucumber burp', 1, ''),
(68, 'Cucumber burp sale', 1, ''),
(69, 'Cucumber Leb', 1, ''),
(70, 'Cucum Leb sale', 1, ''),
(71, 'Cucumber green', 1, ''),
(72, 'Cucumber pickle', 1, ''),
(73, 'Corn sweet', 1, ''),
(74, 'Corn baby', 1, ''),
(75, 'Courgette', 1, ''),
(76, 'Dill', 1, ''),
(77, 'Egg fruit', 1, ''),
(78, 'Thai eggplant', 1, ''),
(79, 'Fennel leek', 1, ''),
(80, 'Galanga', 1, ''),
(81, 'Lotus Root', 1, ''),
(82, 'Ginger old', 1, ''),
(83, 'Ginger young', 1, ''),
(84, 'Snake beans', 1, ''),
(85, 'Stringless beans', 1, ''),
(86, 'Luffa (India)', 1, ''),
(87, 'Asian Luffa (Muop)', 1, ''),
(88, 'Snakekoil', 1, ''),
(89, 'Jackfruit', 1, ''),
(90, 'Curry Leaf', 1, ''),
(91, 'Leek', 1, ''),
(92, 'Lemon good', 1, ''),
(93, 'Lemon pre-pack', 1, ''),
(94, 'Lemon 2nd', 1, ''),
(95, 'Lime pkt', 1, ''),
(96, 'Lime', 1, ''),
(97, 'Lime Kaffir', 1, ''),
(98, 'Festival green', 1, ''),
(99, 'Festival red', 1, ''),
(100, 'Coral red', 1, ''),
(101, 'Coral green', 1, ''),
(102, 'Radichio', 1, ''),
(103, 'Chicory', 1, ''),
(104, 'Cos lettuce', 1, ''),
(105, 'Lettuce', 1, ''),
(106, 'Butter Lectuce', 1, ''),
(107, 'Lettuce trio', 1, ''),
(108, 'Lettuce mix 250g', 1, ''),
(109, 'Squash', 1, ''),
(110, 'Baby cos', 1, ''),
(111, 'Baby spinach', 1, ''),
(112, 'Rocket', 1, ''),
(113, 'Italian basil', 1, ''),
(114, 'Thai basil', 1, ''),
(115, 'Mushrooms', 1, ''),
(116, 'Mushrooms punnet', 1, ''),
(117, 'Mushrooms field', 1, ''),
(118, 'Paprika green', 1, ''),
(119, 'Paprika red', 1, ''),
(120, 'Paprika yellow', 1, ''),
(121, 'Parsley Italian', 1, ''),
(122, 'Parsley', 1, ''),
(123, 'Parsnips', 1, ''),
(124, 'Rhubarb', 1, ''),
(125, 'Runner bean', 1, ''),
(126, 'Snow pea', 1, ''),
(127, 'Snow pea sprouts', 1, ''),
(128, 'Soup pack', 1, ''),
(129, 'Swedes', 1, ''),
(130, 'Red radish', 1, ''),
(131, 'Tomatoes pkt', 1, ''),
(132, 'Tomatoes  No1', 1, ''),
(133, 'Tomato No2', 1, ''),
(134, 'Tomato Roma', 1, ''),
(135, 'Tomato Roma PKT', 1, ''),
(136, 'Tomatoes Cherry', 1, ''),
(137, 'Tomatoes Grape', 1, ''),
(138, 'Tomato Cherry box', 1, ''),
(139, 'Tomatoes Truss', 1, ''),
(140, 'Turmeric bag', 1, ''),
(141, 'Turnip', 1, ''),
(142, 'White radish', 1, ''),
(143, 'Winters melon', 1, ''),
(144, 'Winter melon cut', 1, ''),
(145, 'Zucchini', 1, ''),
(146, 'Apricot No1', 1, ''),
(147, 'Apricot Med', 1, ''),
(148, 'Apricot in box', 1, ''),
(149, 'Avocado tray', 1, ''),
(150, 'Avocado box', 1, ''),
(151, 'Custard Apple', 1, ''),
(152, 'Fresh coconut', 1, ''),
(153, 'Dried coconut', 1, ''),
(154, 'Cusan', 1, ''),
(155, 'Cherry 5kg', 1, ''),
(156, 'Cherry 2kg', 1, ''),
(157, 'Cherry U.S 10 Lb', 1, ''),
(158, 'Cherry U.S 20 Lb', 1, ''),
(159, 'Durian', 1, ''),
(160, 'Longan', 1, ''),
(161, 'Lychees', 1, ''),
(162, 'Fuju persimmon', 1, ''),
(163, 'Fuju persimmon loose', 1, ''),
(164, 'Mango green', 1, ''),
(165, 'Mango Mexico', 1, ''),
(166, 'Mango Mexico Yellow', 1, ''),
(167, 'Mango Ken', 1, ''),
(168, 'Mango Ken 23', 1, ''),
(169, 'Mango Ken 25', 1, ''),
(170, 'Mango R2E2', 1, ''),
(171, 'Mango R2E2', 1, ''),
(172, 'Mango bulk', 1, ''),
(173, 'Mangosteen', 1, ''),
(174, 'Passion fruit', 1, ''),
(175, 'Pomelo', 1, ''),
(176, 'Rambutan', 1, ''),
(177, 'Honey dew', 1, ''),
(178, 'Honey dew gold', 1, ''),
(179, 'Mandarin Egypt', 1, ''),
(180, 'Mandarin Daisy', 1, ''),
(181, 'Mandarin Imperial', 1, ''),
(182, 'Imperial Pkt', 1, ''),
(183, 'Mandarin Clementine', 1, ''),
(184, 'Murcott mandarin', 1, ''),
(185, 'Tangelo', 1, ''),
(186, 'Mandarin Afourer', 1, ''),
(187, 'Mandarin Afourer Pkt', 1, ''),
(188, 'Mandarin Hickson', 1, ''),
(189, 'Mandarin Amigo', 1, ''),
(190, 'Mandarin Pre-pack', 1, ''),
(191, 'Nectarines sale', 1, ''),
(192, 'Nectarines white', 1, ''),
(193, 'Nectarines white pkt', 1, ''),
(194, 'Nectarines yellow', 1, ''),
(195, 'Nectarines yellow pkt', 1, ''),
(196, 'Peaches white NO1', 1, ''),
(197, 'Peaches white', 1, ''),
(198, 'Peaches yellow', 1, ''),
(199, 'Peaches Gold', 1, ''),
(200, 'Peaches Donut', 1, ''),
(201, 'Blueberry', 1, ''),
(202, 'Papaya', 1, ''),
(203, 'Paw paw green', 1, ''),
(204, 'Pineapples leaf', 1, ''),
(205, 'Pineapples sugar', 1, ''),
(206, 'Pomegranates', 1, ''),
(207, 'Prune', 1, ''),
(208, 'Rock melon', 1, ''),
(209, 'Strawberry 250g', 1, ''),
(210, 'Strawberry 500g', 1, ''),
(211, 'Fuji good', 1, ''),
(212, 'Fuji sale', 1, ''),
(213, 'Kanzi', 1, ''),
(214, 'Gala good', 1, ''),
(215, 'Gala Sale', 1, ''),
(216, 'Gala sale bin', 1, ''),
(217, 'Gala 6 pkt', 1, ''),
(218, 'Gala lunchbox 1kg', 1, ''),
(219, 'Golden delicious', 1, ''),
(220, 'Granny Smith', 1, ''),
(221, 'Granny Smith pkt', 1, ''),
(222, 'Early Gold Apple', 1, ''),
(223, 'Hi Early', 1, ''),
(224, 'Hi Early pkt', 1, ''),
(225, 'Firm gold apple', 1, ''),
(226, 'Lady William', 1, ''),
(227, 'Sundowners', 1, ''),
(228, 'Sundowners sales', 1, ''),
(229, 'Pink lady good', 1, ''),
(230, 'Pink lady PKT', 1, ''),
(231, 'Jazz Apple', 1, ''),
(232, 'Robi gold Apple', 1, ''),
(233, 'Kiwi', 1, ''),
(234, 'Kiwi Tray', 1, ''),
(235, 'Kiwi gold', 1, ''),
(236, 'Pear packham', 1, ''),
(237, 'Pear Packham Pkt', 1, ''),
(238, 'Pear Yaly', 1, ''),
(239, 'Pear kosui', 1, ''),
(240, 'Pear barlet', 1, ''),
(241, 'Pear bosc', 1, ''),
(242, 'Pear cocktail', 1, ''),
(243, 'Pear josephine', 1, ''),
(244, 'Pear Precose', 1, ''),
(245, 'Precose lunch box', 1, ''),
(246, 'Pear Corella', 1, ''),
(247, 'Pear Red', 1, ''),
(248, 'Nashi pear', 1, ''),
(249, 'Nashi pear No2', 1, ''),
(250, 'Nashi pear pkt', 1, ''),
(251, 'Plum Seria', 1, ''),
(252, 'Plum Black Amber', 1, ''),
(253, 'Plum Bella', 1, ''),
(254, 'Plum Sunrise', 1, ''),
(255, 'Amber jewel No1', 1, ''),
(256, 'Amber Jewel pkt', 1, ''),
(257, 'Plum Tegan Blue', 1, ''),
(258, 'Plum tegan blue pkt', 1, ''),
(259, 'Plum October', 1, ''),
(260, 'Plum Primetime', 1, ''),
(261, 'Plum Kelsey', 1, ''),
(262, 'Plum Sunrise', 1, ''),
(263, 'Plum Dappe Danny', 1, ''),
(264, 'Plum Fortune', 1, ''),
(265, 'Plum Midnight', 1, ''),
(266, 'Plum Mid Red', 1, ''),
(267, 'Plum Flavour fall', 1, ''),
(268, 'Plum August Candy', 1, ''),
(269, 'Guava', 1, ''),
(270, 'Grape Black', 1, ''),
(271, 'Grape red seedless', 1, ''),
(272, 'Grape red globe', 1, ''),
(273, 'Grape white seedless', 1, ''),
(274, 'White Dome', 1, ''),
(275, 'Red Grapefruit', 1, ''),
(276, 'Yellow Grapefruit', 1, ''),
(277, 'Grapefruit Pomelo', 1, ''),
(278, 'Banana', 1, ''),
(279, 'Banana Green', 1, ''),
(280, 'Banana carnarvon', 1, ''),
(281, 'Banana Pack', 1, ''),
(282, 'Banana l/finger', 1, ''),
(283, 'Banana Monkey', 1, ''),
(284, 'Banana  Sticky', 1, ''),
(285, 'Garlic 500g', 1, ''),
(286, 'Garlic peel 500g', 1, ''),
(287, 'Garlic local', 1, ''),
(288, 'Garlic Chives', 1, ''),
(289, 'Shallots 5kg', 1, ''),
(290, 'Shallots 10 kg', 1, ''),
(291, 'Brown onion 10kg', 1, ''),
(292, 'Brown onion 20kg', 1, ''),
(293, 'Brown onion 2kg', 1, ''),
(294, 'Brown onion loose', 1, ''),
(295, 'Onion red 2 kg', 1, ''),
(296, 'Onion red 10 kg', 1, ''),
(297, 'onion red 1kg', 1, ''),
(298, 'Onion pickle', 1, ''),
(299, 'Onion white 20 kg', 1, ''),
(300, 'Onion white 10 kg', 1, ''),
(301, 'Onion white 5 kg', 1, ''),
(302, 'Onion salad white', 1, ''),
(303, 'Onion salad red', 1, ''),
(304, 'Okra baby', 1, ''),
(305, 'Orange Navel', 1, ''),
(306, 'Orange box', 1, ''),
(307, 'Orange Sales', 1, ''),
(308, 'Orange 2 kg', 1, ''),
(309, 'Orange 3kg', 1, ''),
(310, 'Orange cara box', 1, ''),
(311, 'Orange Cara Bins', 1, ''),
(312, 'Potatoes 16kg', 1, ''),
(313, 'Potato 15kg', 1, ''),
(314, 'Potatoes 10kg gourmet', 1, ''),
(315, 'Potatoes 10kg select', 1, ''),
(316, 'Potatoes 4kg Blue', 1, ''),
(317, 'Potatoes 4kg Purple', 1, ''),
(318, 'Potatoes 4kg Red', 1, ''),
(319, 'Potatoes 4kg Yellow', 1, ''),
(320, 'Potatoes 20kg GM', 1, ''),
(321, 'Potatoes 20kg RB', 1, ''),
(322, 'Potatoes 20kg SL', 1, ''),
(323, 'Sweet potato purple', 1, ''),
(324, 'Sweet potato red', 1, ''),
(325, 'Sweet potato white', 1, ''),
(326, 'Yam (Khoai Mo)', 1, ''),
(327, 'Pumpkin butter', 1, ''),
(328, 'Pumpkin japanese', 1, ''),
(329, 'Pumpkin gold', 1, ''),
(330, 'Watermelons seedless', 1, ''),
(331, 'Watermelons seeded', 1, ''),
(332, 'Eggs 600g', 1, ''),
(333, 'Eggs 700g', 1, ''),
(334, 'Eggs 850g', 1, ''),
(335, 'Eggs WR 600g', 1, ''),
(336, 'Eggs WR 700g', 1, ''),
(337, 'Eggs GE 500g', 1, ''),
(338, 'Eggs GE 600g', 1, ''),
(339, 'Eggs GE 700g', 1, ''),
(340, 'Eggs Loose', 1, ''),
(341, 'Free range 600g', 1, ''),
(342, 'Free range 700g', 1, ''),
(343, 'Free range 800g', 1, ''),
(344, 'Kale', 1, ''),
(345, 'English spinach', 1, ''),
(346, 'Choysum big', 1, ''),
(347, 'Choysum small', 1, ''),
(348, 'Kailan', 1, ''),
(349, 'Kai choy', 1, ''),
(350, 'Pok choy', 1, ''),
(351, 'White Pok choy', 1, ''),
(352, 'Coriander', 1, ''),
(353, 'Mint', 1, ''),
(354, 'Water Spinach', 1, ''),
(355, 'Rau den', 1, ''),
(356, 'Lemongrass', 1, ''),
(357, 'Kohlrabi', 1, ''),
(358, 'Ngo gai', 1, ''),
(359, 'Ngo om', 1, ''),
(360, 'Rau ram', 1, ''),
(361, 'Dap ca', 1, ''),
(362, 'Tia to', 1, ''),
(363, 'Mong toi', 1, ''),
(364, 'Lime Leaf', 1, ''),
(365, 'Sapoche', 1, ''),
(366, 'Enoki 200g', 1, ''),
(367, 'Enoki 330g', 1, ''),
(368, 'King Oyster', 1, ''),
(369, 'oyster 100g', 1, ''),
(370, 'shiitake', 1, ''),
(371, 'mixed goumet', 1, ''),
(372, 'Dragon Fruit', 1, ''),
(373, 'Taro Jap (Khoai So)', 1, ''),
(374, 'Taro', 1, ''),
(375, 'Garlic Shoot', 1, ''),
(376, 'Onion Flower', 1, ''),
(377, 'Chive (He )kg', 1, ''),
(378, 'Pandan leaf', 1, ''),
(379, 'La Lot', 1, ''),
(380, 'Hanh huong Kg', 1, ''),
(381, 'Bac ha kg', 1, ''),
(382, 'Kinh gioi Kg', 1, ''),
(383, 'Rau dang kg', 1, ''),
(384, 'Dot lang Kg', 1, ''),
(385, 'Gala 1.5 kg', 1, ''),
(386, 'Water Cress', 1, ''),
(387, 'Sugar snap', 1, ''),
(388, 'Mesculin mix', 1, ''),
(389, 'Baby spinach in bag', 1, ''),
(390, 'Dates 250g', 1, ''),
(391, 'Dates 5kg', 1, ''),
(392, 'Dot Dau', 1, ''),
(393, 'Bong He', 1, ''),
(394, 'Purple yam', 1, ''),
(395, 'Star fruit', 1, ''),
(396, '1233', 1, ''),
(397, '123', 123, ''),
(398, '1223', 2, ''),
(399, '32', 1, ''),
(400, '1', 1, ''),
(401, 'rf', 55, '');

-- --------------------------------------------------------

--
-- Table structure for table `records`
--

DROP TABLE IF EXISTS `records`;
CREATE TABLE IF NOT EXISTS `records` (
  `recordID` int(11) NOT NULL AUTO_INCREMENT,
  `recordSubID` int(11) NOT NULL,
  `recordType` int(11) NOT NULL,
  `recordName` varchar(100) NOT NULL,
  `recordPath` varchar(100) NOT NULL,
  PRIMARY KEY (`recordID`)
) ENGINE=InnoDB DEFAULT CHARSET=latin1;

-- --------------------------------------------------------

--
-- Table structure for table `shop`
--

DROP TABLE IF EXISTS `shop`;
CREATE TABLE IF NOT EXISTS `shop` (
  `shopID` int(10) NOT NULL AUTO_INCREMENT,
  `shopName` varchar(100) NOT NULL,
  `productID` int(10) NOT NULL,
  `description` varchar(200) NOT NULL,
  PRIMARY KEY (`shopID`)
) ENGINE=InnoDB AUTO_INCREMENT=7 DEFAULT CHARSET=latin1 COMMENT='Bảng shop';

--
-- Dumping data for table `shop`
--

INSERT INTO `shop` (`shopID`, `shopName`, `productID`, `description`) VALUES
(1, 'Giraween', 4, ''),
(2, 'Altone', 4, ''),
(3, 'Carousel', 5, ''),
(4, 'Cash & carry', 7, ''),
(5, 'MCQ', 5, ''),
(6, 'Daily Fresh', 8, '');

-- --------------------------------------------------------

--
-- Table structure for table `shop_order`
--

DROP TABLE IF EXISTS `shop_order`;
CREATE TABLE IF NOT EXISTS `shop_order` (
  `order_ID` int(10) NOT NULL AUTO_INCREMENT,
  `shop_ID` int(10) NOT NULL,
  `date` date NOT NULL,
  PRIMARY KEY (`order_ID`)
) ENGINE=InnoDB AUTO_INCREMENT=3 DEFAULT CHARSET=latin1;

--
-- Dumping data for table `shop_order`
--

INSERT INTO `shop_order` (`order_ID`, `shop_ID`, `date`) VALUES
(1, 1, '2017-03-01'),
(2, 1, '2017-03-01');

-- --------------------------------------------------------

--
-- Table structure for table `shop_product`
--

DROP TABLE IF EXISTS `shop_product`;
CREATE TABLE IF NOT EXISTS `shop_product` (
  `shopProductID` int(11) NOT NULL AUTO_INCREMENT,
  `shopID` int(10) NOT NULL,
  `productID` int(10) NOT NULL,
  `stockTake` int(10) NOT NULL COMMENT 'Hàng tồn từ hôm qua',
  `description` varchar(200) DEFAULT NULL,
  PRIMARY KEY (`shopProductID`)
) ENGINE=InnoDB AUTO_INCREMENT=2234 DEFAULT CHARSET=latin1;

--
-- Dumping data for table `shop_product`
--

INSERT INTO `shop_product` (`shopProductID`, `shopID`, `productID`, `stockTake`, `description`) VALUES
(1, 1, 24, 12157, ''),
(2, 1, 25, 126, ''),
(3, 1, 26, 21, ''),
(4, 1, 27, 3, ''),
(5, 1, 28, 2, ''),
(6, 1, 29, 1, ''),
(7, 1, 30, 1, ''),
(8, 1, 31, 1, ''),
(9, 1, 32, 1, ''),
(10, 1, 33, 1, ''),
(11, 1, 34, 1, ''),
(12, 1, 35, 1, ''),
(13, 1, 36, 1, ''),
(14, 1, 37, 1, ''),
(15, 1, 38, 1, ''),
(16, 1, 39, 1, ''),
(17, 1, 40, 1, ''),
(18, 1, 41, 1, ''),
(19, 1, 42, 1, ''),
(20, 1, 43, 1, ''),
(21, 1, 44, 1, ''),
(22, 1, 45, 1, ''),
(23, 1, 46, 1, ''),
(24, 1, 47, 1, ''),
(25, 1, 48, 1, ''),
(26, 1, 49, 1, ''),
(27, 1, 50, 1, ''),
(28, 1, 51, 1, ''),
(29, 1, 52, 1, ''),
(30, 1, 53, 1, ''),
(31, 1, 54, 1, ''),
(32, 1, 55, 1, ''),
(33, 1, 56, 1, ''),
(34, 1, 57, 1, ''),
(35, 1, 58, 1, ''),
(36, 1, 59, 1, ''),
(37, 1, 60, 1, ''),
(38, 1, 61, 1, ''),
(39, 1, 62, 1, ''),
(40, 1, 63, 1, ''),
(41, 1, 64, 1, ''),
(42, 1, 65, 1, ''),
(43, 1, 66, 1, ''),
(44, 1, 67, 1, ''),
(45, 1, 68, 1, ''),
(46, 1, 69, 1, ''),
(47, 1, 70, 1, ''),
(48, 1, 71, 1, ''),
(49, 1, 72, 1, ''),
(50, 1, 73, 1, ''),
(51, 1, 74, 1, ''),
(52, 1, 75, 1, ''),
(53, 1, 76, 1, ''),
(54, 1, 77, 1, ''),
(55, 1, 78, 1, ''),
(56, 1, 79, 1, ''),
(57, 1, 80, 1, ''),
(58, 1, 81, 1, ''),
(59, 1, 82, 1, ''),
(60, 1, 83, 1, ''),
(61, 1, 84, 1, ''),
(62, 1, 85, 1, ''),
(63, 1, 86, 1, ''),
(64, 1, 87, 1, ''),
(65, 1, 88, 1, ''),
(66, 1, 89, 1, ''),
(67, 1, 90, 1, ''),
(68, 1, 91, 1, ''),
(69, 1, 92, 1, ''),
(70, 1, 93, 1, ''),
(71, 1, 94, 1, ''),
(72, 1, 95, 1, ''),
(73, 1, 96, 1, ''),
(74, 1, 97, 1, ''),
(75, 1, 98, 1, ''),
(76, 1, 99, 1, ''),
(77, 1, 100, 1, ''),
(78, 1, 101, 1, ''),
(79, 1, 102, 1, ''),
(80, 1, 103, 1, ''),
(81, 1, 104, 1, ''),
(82, 1, 105, 1, ''),
(83, 1, 106, 1, ''),
(84, 1, 107, 1, ''),
(85, 1, 108, 1, ''),
(86, 1, 109, 1, ''),
(87, 1, 110, 1, ''),
(88, 1, 111, 1, ''),
(89, 1, 112, 1, ''),
(90, 1, 113, 1, ''),
(91, 1, 114, 1, ''),
(92, 1, 115, 1, ''),
(93, 1, 116, 1, ''),
(94, 1, 117, 1, ''),
(95, 1, 118, 1, ''),
(96, 1, 119, 1, ''),
(97, 1, 120, 1, ''),
(98, 1, 121, 1, ''),
(99, 1, 122, 1, ''),
(100, 1, 123, 1, ''),
(101, 1, 124, 1, ''),
(102, 1, 125, 1, ''),
(103, 1, 126, 1, ''),
(104, 1, 127, 1, ''),
(105, 1, 128, 1, ''),
(106, 1, 129, 1, ''),
(107, 1, 130, 1, ''),
(108, 1, 131, 1, ''),
(109, 1, 132, 1, ''),
(110, 1, 133, 1, ''),
(111, 1, 134, 1, ''),
(112, 1, 135, 1, ''),
(113, 1, 136, 1, ''),
(114, 1, 137, 1, ''),
(115, 1, 138, 1, ''),
(116, 1, 139, 1, ''),
(117, 1, 140, 1, ''),
(118, 1, 141, 1, ''),
(119, 1, 142, 1, ''),
(120, 1, 143, 1, ''),
(121, 1, 144, 1, ''),
(122, 1, 145, 1, ''),
(123, 1, 146, 1, ''),
(124, 1, 147, 1, ''),
(125, 1, 148, 1, ''),
(126, 1, 149, 1, ''),
(127, 1, 150, 1, ''),
(128, 1, 151, 1, ''),
(129, 1, 152, 1, ''),
(130, 1, 153, 1, ''),
(131, 1, 154, 1, ''),
(132, 1, 155, 1, ''),
(133, 1, 156, 1, ''),
(134, 1, 157, 1, ''),
(135, 1, 158, 1, ''),
(136, 1, 159, 1, ''),
(137, 1, 160, 1, ''),
(138, 1, 161, 1, ''),
(139, 1, 162, 1, ''),
(140, 1, 163, 1, ''),
(141, 1, 164, 1, ''),
(142, 1, 165, 1, ''),
(143, 1, 166, 1, ''),
(144, 1, 167, 1, ''),
(145, 1, 168, 1, ''),
(146, 1, 169, 1, ''),
(147, 1, 170, 1, ''),
(148, 1, 171, 1, ''),
(149, 1, 172, 1, ''),
(150, 1, 173, 1, ''),
(151, 1, 174, 1, ''),
(152, 1, 175, 1, ''),
(153, 1, 176, 1, ''),
(154, 1, 177, 1, ''),
(155, 1, 178, 1, ''),
(156, 1, 179, 1, ''),
(157, 1, 180, 1, ''),
(158, 1, 181, 1, ''),
(159, 1, 182, 1, ''),
(160, 1, 183, 1, ''),
(161, 1, 184, 1, ''),
(162, 1, 185, 1, ''),
(163, 1, 186, 1, ''),
(164, 1, 187, 1, ''),
(165, 1, 188, 1, ''),
(166, 1, 189, 1, ''),
(167, 1, 190, 1, ''),
(168, 1, 191, 1, ''),
(169, 1, 192, 1, ''),
(170, 1, 193, 1, ''),
(171, 1, 194, 1, ''),
(172, 1, 195, 1, ''),
(173, 1, 196, 1, ''),
(174, 1, 197, 1, ''),
(175, 1, 198, 1, ''),
(176, 1, 199, 1, ''),
(177, 1, 200, 1, ''),
(178, 1, 201, 1, ''),
(179, 1, 202, 1, ''),
(180, 1, 203, 1, ''),
(181, 1, 204, 1, ''),
(182, 1, 205, 1, ''),
(183, 1, 206, 1, ''),
(184, 1, 207, 1, ''),
(185, 1, 208, 1, ''),
(186, 1, 209, 1, ''),
(187, 1, 210, 1, ''),
(188, 1, 211, 1, ''),
(189, 1, 212, 1, ''),
(190, 1, 213, 1, ''),
(191, 1, 214, 1, ''),
(192, 1, 215, 1, ''),
(193, 1, 216, 1, ''),
(194, 1, 217, 1, ''),
(195, 1, 218, 1, ''),
(196, 1, 219, 1, ''),
(197, 1, 220, 1, ''),
(198, 1, 221, 1, ''),
(199, 1, 222, 1, ''),
(200, 1, 223, 1, ''),
(201, 1, 224, 1, ''),
(202, 1, 225, 1, ''),
(203, 1, 226, 1, ''),
(204, 1, 227, 1, ''),
(205, 1, 228, 1, ''),
(206, 1, 229, 1, ''),
(207, 1, 230, 1, ''),
(208, 1, 231, 1, ''),
(209, 1, 232, 1, ''),
(210, 1, 233, 1, ''),
(211, 1, 234, 1, ''),
(212, 1, 235, 1, ''),
(213, 1, 236, 1, ''),
(214, 1, 237, 1, ''),
(215, 1, 238, 1, ''),
(216, 1, 239, 1, ''),
(217, 1, 240, 1, ''),
(218, 1, 241, 1, ''),
(219, 1, 242, 1, ''),
(220, 1, 243, 1, ''),
(221, 1, 244, 1, ''),
(222, 1, 245, 1, ''),
(223, 1, 246, 1, ''),
(224, 1, 247, 1, ''),
(225, 1, 248, 1, ''),
(226, 1, 249, 1, ''),
(227, 1, 250, 1, ''),
(228, 1, 251, 1, ''),
(229, 1, 252, 1, ''),
(230, 1, 253, 1, ''),
(231, 1, 254, 1, ''),
(232, 1, 255, 1, ''),
(233, 1, 256, 1, ''),
(234, 1, 257, 1, ''),
(235, 1, 258, 1, ''),
(236, 1, 259, 1, ''),
(237, 1, 260, 1, ''),
(238, 1, 261, 1, ''),
(239, 1, 262, 1, ''),
(240, 1, 263, 1, ''),
(241, 1, 264, 1, ''),
(242, 1, 265, 1, ''),
(243, 1, 266, 1, ''),
(244, 1, 267, 1, ''),
(245, 1, 268, 1, ''),
(246, 1, 269, 1, ''),
(247, 1, 270, 1, ''),
(248, 1, 271, 1, ''),
(249, 1, 272, 1, ''),
(250, 1, 273, 1, ''),
(251, 1, 274, 1, ''),
(252, 1, 275, 1, ''),
(253, 1, 276, 1, ''),
(254, 1, 277, 1, ''),
(255, 1, 278, 1, ''),
(256, 1, 279, 1, ''),
(257, 1, 280, 1, ''),
(258, 1, 281, 1, ''),
(259, 1, 282, 1, ''),
(260, 1, 283, 1, ''),
(261, 1, 284, 1, ''),
(262, 1, 285, 1, ''),
(263, 1, 286, 1, ''),
(264, 1, 287, 1, ''),
(265, 1, 288, 1, ''),
(266, 1, 289, 1, ''),
(267, 1, 290, 1, ''),
(268, 1, 291, 1, ''),
(269, 1, 292, 1, ''),
(270, 1, 293, 1, ''),
(271, 1, 294, 1, ''),
(272, 1, 295, 1, ''),
(273, 1, 296, 1, ''),
(274, 1, 297, 1, ''),
(275, 1, 298, 1, ''),
(276, 1, 299, 1, ''),
(277, 1, 300, 1, ''),
(278, 1, 301, 1, ''),
(279, 1, 302, 1, ''),
(280, 1, 303, 1, ''),
(281, 1, 304, 1, ''),
(282, 1, 305, 1, ''),
(283, 1, 306, 1, ''),
(284, 1, 307, 1, ''),
(285, 1, 308, 1, ''),
(286, 1, 309, 1, ''),
(287, 1, 310, 1, ''),
(288, 1, 311, 1, ''),
(289, 1, 312, 1, ''),
(290, 1, 313, 1, ''),
(291, 1, 314, 1, ''),
(292, 1, 315, 1, ''),
(293, 1, 316, 1, ''),
(294, 1, 317, 1, ''),
(295, 1, 318, 1, ''),
(296, 1, 319, 1, ''),
(297, 1, 320, 1, ''),
(298, 1, 321, 1, ''),
(299, 1, 322, 1, ''),
(300, 1, 323, 1, ''),
(301, 1, 324, 1, ''),
(302, 1, 325, 1, ''),
(303, 1, 326, 1, ''),
(304, 1, 327, 1, ''),
(305, 1, 328, 1, ''),
(306, 1, 329, 1, ''),
(307, 1, 330, 1, ''),
(308, 1, 331, 1, ''),
(309, 1, 332, 1, ''),
(310, 1, 333, 1, ''),
(311, 1, 334, 1, ''),
(312, 1, 335, 1, ''),
(313, 1, 336, 1, ''),
(314, 1, 337, 1, ''),
(315, 1, 338, 1, ''),
(316, 1, 339, 1, ''),
(317, 1, 340, 1, ''),
(318, 1, 341, 1, ''),
(319, 1, 342, 1, ''),
(320, 1, 343, 1, ''),
(321, 1, 344, 1, ''),
(322, 1, 345, 1, ''),
(323, 1, 346, 1, ''),
(324, 1, 347, 1, ''),
(325, 1, 348, 1, ''),
(326, 1, 349, 1, ''),
(327, 1, 350, 1, ''),
(328, 1, 351, 1, ''),
(329, 1, 352, 1, ''),
(330, 1, 353, 1, ''),
(331, 1, 354, 1, ''),
(332, 1, 355, 1, ''),
(333, 1, 356, 1, ''),
(334, 1, 357, 1, ''),
(335, 1, 358, 1, ''),
(336, 1, 359, 1, ''),
(337, 1, 360, 1, ''),
(338, 1, 361, 1, ''),
(339, 1, 362, 1, ''),
(340, 1, 363, 1, ''),
(341, 1, 364, 1, ''),
(342, 1, 365, 1, ''),
(343, 1, 366, 1, ''),
(344, 1, 367, 1, ''),
(345, 1, 368, 1, ''),
(346, 1, 369, 1, ''),
(347, 1, 370, 1, ''),
(348, 1, 371, 1, ''),
(349, 1, 372, 1, ''),
(350, 1, 373, 1, ''),
(351, 1, 374, 1, ''),
(352, 1, 375, 1, ''),
(353, 1, 376, 1, ''),
(354, 1, 377, 1, ''),
(355, 1, 378, 1, ''),
(356, 1, 379, 1, ''),
(357, 1, 380, 1, ''),
(358, 1, 381, 1, ''),
(359, 1, 382, 1, ''),
(360, 1, 383, 1, ''),
(361, 1, 384, 1, ''),
(362, 1, 385, 1, ''),
(363, 1, 386, 1, ''),
(364, 1, 387, 1, ''),
(365, 1, 388, 1, ''),
(366, 1, 389, 1, ''),
(367, 1, 390, 1, ''),
(368, 1, 391, 1, ''),
(369, 1, 392, 1, ''),
(370, 1, 393, 1, ''),
(371, 1, 394, 1, ''),
(372, 1, 395, 1, ''),
(373, 2, 24, 1, ''),
(374, 2, 25, 1, ''),
(375, 2, 26, 1, ''),
(376, 2, 27, 1, ''),
(377, 2, 28, 1, ''),
(378, 2, 29, 1, ''),
(379, 2, 30, 1, ''),
(380, 2, 31, 1, ''),
(381, 2, 32, 1, ''),
(382, 2, 33, 1, ''),
(383, 2, 34, 1, ''),
(384, 2, 35, 1, ''),
(385, 2, 36, 1, ''),
(386, 2, 37, 1, ''),
(387, 2, 38, 1, ''),
(388, 2, 39, 1, ''),
(389, 2, 40, 1, ''),
(390, 2, 41, 1, ''),
(391, 2, 42, 1, ''),
(392, 2, 43, 1, ''),
(393, 2, 44, 1, ''),
(394, 2, 45, 1, ''),
(395, 2, 46, 1, ''),
(396, 2, 47, 1, ''),
(397, 2, 48, 1, ''),
(398, 2, 49, 1, ''),
(399, 2, 50, 1, ''),
(400, 2, 51, 1, ''),
(401, 2, 52, 1, ''),
(402, 2, 53, 1, ''),
(403, 2, 54, 1, ''),
(404, 2, 55, 1, ''),
(405, 2, 56, 1, ''),
(406, 2, 57, 1, ''),
(407, 2, 58, 1, ''),
(408, 2, 59, 1, ''),
(409, 2, 60, 1, ''),
(410, 2, 61, 1, ''),
(411, 2, 62, 1, ''),
(412, 2, 63, 1, ''),
(413, 2, 64, 1, ''),
(414, 2, 65, 1, ''),
(415, 2, 66, 1, ''),
(416, 2, 67, 1, ''),
(417, 2, 68, 1, ''),
(418, 2, 69, 1, ''),
(419, 2, 70, 1, ''),
(420, 2, 71, 1, ''),
(421, 2, 72, 1, ''),
(422, 2, 73, 1, ''),
(423, 2, 74, 1, ''),
(424, 2, 75, 1, ''),
(425, 2, 76, 1, ''),
(426, 2, 77, 1, ''),
(427, 2, 78, 1, ''),
(428, 2, 79, 1, ''),
(429, 2, 80, 1, ''),
(430, 2, 81, 1, ''),
(431, 2, 82, 1, ''),
(432, 2, 83, 1, ''),
(433, 2, 84, 1, ''),
(434, 2, 85, 1, ''),
(435, 2, 86, 1, ''),
(436, 2, 87, 1, ''),
(437, 2, 88, 1, ''),
(438, 2, 89, 1, ''),
(439, 2, 90, 1, ''),
(440, 2, 91, 1, ''),
(441, 2, 92, 1, ''),
(442, 2, 93, 1, ''),
(443, 2, 94, 1, ''),
(444, 2, 95, 1, ''),
(445, 2, 96, 1, ''),
(446, 2, 97, 1, ''),
(447, 2, 98, 1, ''),
(448, 2, 99, 1, ''),
(449, 2, 100, 1, ''),
(450, 2, 101, 1, ''),
(451, 2, 102, 1, ''),
(452, 2, 103, 1, ''),
(453, 2, 104, 1, ''),
(454, 2, 105, 1, ''),
(455, 2, 106, 1, ''),
(456, 2, 107, 1, ''),
(457, 2, 108, 1, ''),
(458, 2, 109, 1, ''),
(459, 2, 110, 1, ''),
(460, 2, 111, 1, ''),
(461, 2, 112, 1, ''),
(462, 2, 113, 1, ''),
(463, 2, 114, 1, ''),
(464, 2, 115, 1, ''),
(465, 2, 116, 1, ''),
(466, 2, 117, 1, ''),
(467, 2, 118, 1, ''),
(468, 2, 119, 1, ''),
(469, 2, 120, 1, ''),
(470, 2, 121, 1, ''),
(471, 2, 122, 1, ''),
(472, 2, 123, 1, ''),
(473, 2, 124, 1, ''),
(474, 2, 125, 1, ''),
(475, 2, 126, 1, ''),
(476, 2, 127, 1, ''),
(477, 2, 128, 1, ''),
(478, 2, 129, 1, ''),
(479, 2, 130, 1, ''),
(480, 2, 131, 1, ''),
(481, 2, 132, 1, ''),
(482, 2, 133, 1, ''),
(483, 2, 134, 1, ''),
(484, 2, 135, 1, ''),
(485, 2, 136, 1, ''),
(486, 2, 137, 1, ''),
(487, 2, 138, 1, ''),
(488, 2, 139, 1, ''),
(489, 2, 140, 1, ''),
(490, 2, 141, 1, ''),
(491, 2, 142, 1, ''),
(492, 2, 143, 1, ''),
(493, 2, 144, 1, ''),
(494, 2, 145, 1, ''),
(495, 2, 146, 1, ''),
(496, 2, 147, 1, ''),
(497, 2, 148, 1, ''),
(498, 2, 149, 1, ''),
(499, 2, 150, 1, ''),
(500, 2, 151, 1, ''),
(501, 2, 152, 1, ''),
(502, 2, 153, 1, ''),
(503, 2, 154, 1, ''),
(504, 2, 155, 1, ''),
(505, 2, 156, 1, ''),
(506, 2, 157, 1, ''),
(507, 2, 158, 1, ''),
(508, 2, 159, 1, ''),
(509, 2, 160, 1, ''),
(510, 2, 161, 1, ''),
(511, 2, 162, 1, ''),
(512, 2, 163, 1, ''),
(513, 2, 164, 1, ''),
(514, 2, 165, 1, ''),
(515, 2, 166, 1, ''),
(516, 2, 167, 1, ''),
(517, 2, 168, 1, ''),
(518, 2, 169, 1, ''),
(519, 2, 170, 1, ''),
(520, 2, 171, 1, ''),
(521, 2, 172, 1, ''),
(522, 2, 173, 1, ''),
(523, 2, 174, 1, ''),
(524, 2, 175, 1, ''),
(525, 2, 176, 1, ''),
(526, 2, 177, 1, ''),
(527, 2, 178, 1, ''),
(528, 2, 179, 1, ''),
(529, 2, 180, 1, ''),
(530, 2, 181, 1, ''),
(531, 2, 182, 1, ''),
(532, 2, 183, 1, ''),
(533, 2, 184, 1, ''),
(534, 2, 185, 1, ''),
(535, 2, 186, 1, ''),
(536, 2, 187, 1, ''),
(537, 2, 188, 1, ''),
(538, 2, 189, 1, ''),
(539, 2, 190, 1, ''),
(540, 2, 191, 1, ''),
(541, 2, 192, 1, ''),
(542, 2, 193, 1, ''),
(543, 2, 194, 1, ''),
(544, 2, 195, 1, ''),
(545, 2, 196, 1, ''),
(546, 2, 197, 1, ''),
(547, 2, 198, 1, ''),
(548, 2, 199, 1, ''),
(549, 2, 200, 1, ''),
(550, 2, 201, 1, ''),
(551, 2, 202, 1, ''),
(552, 2, 203, 1, ''),
(553, 2, 204, 1, ''),
(554, 2, 205, 1, ''),
(555, 2, 206, 1, ''),
(556, 2, 207, 1, ''),
(557, 2, 208, 1, ''),
(558, 2, 209, 1, ''),
(559, 2, 210, 1, ''),
(560, 2, 211, 1, ''),
(561, 2, 212, 1, ''),
(562, 2, 213, 1, ''),
(563, 2, 214, 1, ''),
(564, 2, 215, 1, ''),
(565, 2, 216, 1, ''),
(566, 2, 217, 1, ''),
(567, 2, 218, 1, ''),
(568, 2, 219, 1, ''),
(569, 2, 220, 1, ''),
(570, 2, 221, 1, ''),
(571, 2, 222, 1, ''),
(572, 2, 223, 1, ''),
(573, 2, 224, 1, ''),
(574, 2, 225, 1, ''),
(575, 2, 226, 1, ''),
(576, 2, 227, 1, ''),
(577, 2, 228, 1, ''),
(578, 2, 229, 1, ''),
(579, 2, 230, 1, ''),
(580, 2, 231, 1, ''),
(581, 2, 232, 1, ''),
(582, 2, 233, 1, ''),
(583, 2, 234, 1, ''),
(584, 2, 235, 1, ''),
(585, 2, 236, 1, ''),
(586, 2, 237, 1, ''),
(587, 2, 238, 1, ''),
(588, 2, 239, 1, ''),
(589, 2, 240, 1, ''),
(590, 2, 241, 1, ''),
(591, 2, 242, 1, ''),
(592, 2, 243, 1, ''),
(593, 2, 244, 1, ''),
(594, 2, 245, 1, ''),
(595, 2, 246, 1, ''),
(596, 2, 247, 1, ''),
(597, 2, 248, 1, ''),
(598, 2, 249, 1, ''),
(599, 2, 250, 1, ''),
(600, 2, 251, 1, ''),
(601, 2, 252, 1, ''),
(602, 2, 253, 1, ''),
(603, 2, 254, 1, ''),
(604, 2, 255, 1, ''),
(605, 2, 256, 1, ''),
(606, 2, 257, 1, ''),
(607, 2, 258, 1, ''),
(608, 2, 259, 1, ''),
(609, 2, 260, 1, ''),
(610, 2, 261, 1, ''),
(611, 2, 262, 1, ''),
(612, 2, 263, 1, ''),
(613, 2, 264, 1, ''),
(614, 2, 265, 1, ''),
(615, 2, 266, 1, ''),
(616, 2, 267, 1, ''),
(617, 2, 268, 1, ''),
(618, 2, 269, 1, ''),
(619, 2, 270, 1, ''),
(620, 2, 271, 1, ''),
(621, 2, 272, 1, ''),
(622, 2, 273, 1, ''),
(623, 2, 274, 1, ''),
(624, 2, 275, 1, ''),
(625, 2, 276, 1, ''),
(626, 2, 277, 1, ''),
(627, 2, 278, 1, ''),
(628, 2, 279, 1, ''),
(629, 2, 280, 1, ''),
(630, 2, 281, 1, ''),
(631, 2, 282, 1, ''),
(632, 2, 283, 1, ''),
(633, 2, 284, 1, ''),
(634, 2, 285, 1, ''),
(635, 2, 286, 1, ''),
(636, 2, 287, 1, ''),
(637, 2, 288, 1, ''),
(638, 2, 289, 1, ''),
(639, 2, 290, 1, ''),
(640, 2, 291, 1, ''),
(641, 2, 292, 1, ''),
(642, 2, 293, 1, ''),
(643, 2, 294, 1, ''),
(644, 2, 295, 1, ''),
(645, 2, 296, 1, ''),
(646, 2, 297, 1, ''),
(647, 2, 298, 1, ''),
(648, 2, 299, 1, ''),
(649, 2, 300, 1, ''),
(650, 2, 301, 1, ''),
(651, 2, 302, 1, ''),
(652, 2, 303, 1, ''),
(653, 2, 304, 1, ''),
(654, 2, 305, 1, ''),
(655, 2, 306, 1, ''),
(656, 2, 307, 1, ''),
(657, 2, 308, 1, ''),
(658, 2, 309, 1, ''),
(659, 2, 310, 1, ''),
(660, 2, 311, 1, ''),
(661, 2, 312, 1, ''),
(662, 2, 313, 1, ''),
(663, 2, 314, 1, ''),
(664, 2, 315, 1, ''),
(665, 2, 316, 1, ''),
(666, 2, 317, 1, ''),
(667, 2, 318, 1, ''),
(668, 2, 319, 1, ''),
(669, 2, 320, 1, ''),
(670, 2, 321, 1, ''),
(671, 2, 322, 1, ''),
(672, 2, 323, 1, ''),
(673, 2, 324, 1, ''),
(674, 2, 325, 1, ''),
(675, 2, 326, 1, ''),
(676, 2, 327, 1, ''),
(677, 2, 328, 1, ''),
(678, 2, 329, 1, ''),
(679, 2, 330, 1, ''),
(680, 2, 331, 1, ''),
(681, 2, 332, 1, ''),
(682, 2, 333, 1, ''),
(683, 2, 334, 1, ''),
(684, 2, 335, 1, ''),
(685, 2, 336, 1, ''),
(686, 2, 337, 1, ''),
(687, 2, 338, 1, ''),
(688, 2, 339, 1, ''),
(689, 2, 340, 1, ''),
(690, 2, 341, 1, ''),
(691, 2, 342, 1, ''),
(692, 2, 343, 1, ''),
(693, 2, 344, 1, ''),
(694, 2, 345, 1, ''),
(695, 2, 346, 1, ''),
(696, 2, 347, 1, ''),
(697, 2, 348, 1, ''),
(698, 2, 349, 1, ''),
(699, 2, 350, 1, ''),
(700, 2, 351, 1, ''),
(701, 2, 352, 1, ''),
(702, 2, 353, 1, ''),
(703, 2, 354, 1, ''),
(704, 2, 355, 1, ''),
(705, 2, 356, 1, ''),
(706, 2, 357, 1, ''),
(707, 2, 358, 1, ''),
(708, 2, 359, 1, ''),
(709, 2, 360, 1, ''),
(710, 2, 361, 1, ''),
(711, 2, 362, 1, ''),
(712, 2, 363, 1, ''),
(713, 2, 364, 1, ''),
(714, 2, 365, 1, ''),
(715, 2, 366, 1, ''),
(716, 2, 367, 1, ''),
(717, 2, 368, 1, ''),
(718, 2, 369, 1, ''),
(719, 2, 370, 1, ''),
(720, 2, 371, 1, ''),
(721, 2, 372, 1, ''),
(722, 2, 373, 1, ''),
(723, 2, 374, 1, ''),
(724, 2, 375, 1, ''),
(725, 2, 376, 1, ''),
(726, 2, 377, 1, ''),
(727, 2, 378, 1, ''),
(728, 2, 379, 1, ''),
(729, 2, 380, 1, ''),
(730, 2, 381, 1, ''),
(731, 2, 382, 1, ''),
(732, 2, 383, 1, ''),
(733, 2, 384, 1, ''),
(734, 2, 385, 1, ''),
(735, 2, 386, 1, ''),
(736, 2, 387, 1, ''),
(737, 2, 388, 1, ''),
(738, 2, 389, 1, ''),
(739, 2, 390, 1, ''),
(740, 2, 391, 1, ''),
(741, 2, 392, 1, ''),
(742, 2, 393, 1, ''),
(743, 2, 394, 1, ''),
(744, 2, 395, 1, ''),
(745, 3, 24, 1, ''),
(746, 3, 25, 1, ''),
(747, 3, 26, 1, ''),
(748, 3, 27, 1, ''),
(749, 3, 28, 1, ''),
(750, 3, 29, 1, ''),
(751, 3, 30, 1, ''),
(752, 3, 31, 1, ''),
(753, 3, 32, 1, ''),
(754, 3, 33, 1, ''),
(755, 3, 34, 1, ''),
(756, 3, 35, 1, ''),
(757, 3, 36, 1, ''),
(758, 3, 37, 1, ''),
(759, 3, 38, 1, ''),
(760, 3, 39, 1, ''),
(761, 3, 40, 1, ''),
(762, 3, 41, 1, ''),
(763, 3, 42, 1, ''),
(764, 3, 43, 1, ''),
(765, 3, 44, 1, ''),
(766, 3, 45, 1, ''),
(767, 3, 46, 1, ''),
(768, 3, 47, 1, ''),
(769, 3, 48, 1, ''),
(770, 3, 49, 1, ''),
(771, 3, 50, 1, ''),
(772, 3, 51, 1, ''),
(773, 3, 52, 1, ''),
(774, 3, 53, 1, ''),
(775, 3, 54, 1, ''),
(776, 3, 55, 1, ''),
(777, 3, 56, 1, ''),
(778, 3, 57, 1, ''),
(779, 3, 58, 1, ''),
(780, 3, 59, 1, ''),
(781, 3, 60, 1, ''),
(782, 3, 61, 1, ''),
(783, 3, 62, 1, ''),
(784, 3, 63, 1, ''),
(785, 3, 64, 1, ''),
(786, 3, 65, 1, ''),
(787, 3, 66, 1, ''),
(788, 3, 67, 1, ''),
(789, 3, 68, 1, ''),
(790, 3, 69, 1, ''),
(791, 3, 70, 1, ''),
(792, 3, 71, 1, ''),
(793, 3, 72, 1, ''),
(794, 3, 73, 1, ''),
(795, 3, 74, 1, ''),
(796, 3, 75, 1, ''),
(797, 3, 76, 1, ''),
(798, 3, 77, 1, ''),
(799, 3, 78, 1, ''),
(800, 3, 79, 1, ''),
(801, 3, 80, 1, ''),
(802, 3, 81, 1, ''),
(803, 3, 82, 1, ''),
(804, 3, 83, 1, ''),
(805, 3, 84, 1, ''),
(806, 3, 85, 1, ''),
(807, 3, 86, 1, ''),
(808, 3, 87, 1, ''),
(809, 3, 88, 1, ''),
(810, 3, 89, 1, ''),
(811, 3, 90, 1, ''),
(812, 3, 91, 1, ''),
(813, 3, 92, 1, ''),
(814, 3, 93, 1, ''),
(815, 3, 94, 1, ''),
(816, 3, 95, 1, ''),
(817, 3, 96, 1, ''),
(818, 3, 97, 1, ''),
(819, 3, 98, 1, ''),
(820, 3, 99, 1, ''),
(821, 3, 100, 1, ''),
(822, 3, 101, 1, ''),
(823, 3, 102, 1, ''),
(824, 3, 103, 1, ''),
(825, 3, 104, 1, ''),
(826, 3, 105, 1, ''),
(827, 3, 106, 1, ''),
(828, 3, 107, 1, ''),
(829, 3, 108, 1, ''),
(830, 3, 109, 1, ''),
(831, 3, 110, 1, ''),
(832, 3, 111, 1, ''),
(833, 3, 112, 1, ''),
(834, 3, 113, 1, ''),
(835, 3, 114, 1, ''),
(836, 3, 115, 1, ''),
(837, 3, 116, 1, ''),
(838, 3, 117, 1, ''),
(839, 3, 118, 1, ''),
(840, 3, 119, 1, ''),
(841, 3, 120, 1, ''),
(842, 3, 121, 1, ''),
(843, 3, 122, 1, ''),
(844, 3, 123, 1, ''),
(845, 3, 124, 1, ''),
(846, 3, 125, 1, ''),
(847, 3, 126, 1, ''),
(848, 3, 127, 1, ''),
(849, 3, 128, 1, ''),
(850, 3, 129, 1, ''),
(851, 3, 130, 1, ''),
(852, 3, 131, 1, ''),
(853, 3, 132, 1, ''),
(854, 3, 133, 1, ''),
(855, 3, 134, 1, ''),
(856, 3, 135, 1, ''),
(857, 3, 136, 1, ''),
(858, 3, 137, 1, ''),
(859, 3, 138, 1, ''),
(860, 3, 139, 1, ''),
(861, 3, 140, 1, ''),
(862, 3, 141, 1, ''),
(863, 3, 142, 1, ''),
(864, 3, 143, 1, ''),
(865, 3, 144, 1, ''),
(866, 3, 145, 1, ''),
(867, 3, 146, 1, ''),
(868, 3, 147, 1, ''),
(869, 3, 148, 1, ''),
(870, 3, 149, 1, ''),
(871, 3, 150, 1, ''),
(872, 3, 151, 1, ''),
(873, 3, 152, 1, ''),
(874, 3, 153, 1, ''),
(875, 3, 154, 1, ''),
(876, 3, 155, 1, ''),
(877, 3, 156, 1, ''),
(878, 3, 157, 1, ''),
(879, 3, 158, 1, ''),
(880, 3, 159, 1, ''),
(881, 3, 160, 1, ''),
(882, 3, 161, 1, ''),
(883, 3, 162, 1, ''),
(884, 3, 163, 1, ''),
(885, 3, 164, 1, ''),
(886, 3, 165, 1, ''),
(887, 3, 166, 1, ''),
(888, 3, 167, 1, ''),
(889, 3, 168, 1, ''),
(890, 3, 169, 1, ''),
(891, 3, 170, 1, ''),
(892, 3, 171, 1, ''),
(893, 3, 172, 1, ''),
(894, 3, 173, 1, ''),
(895, 3, 174, 1, ''),
(896, 3, 175, 1, ''),
(897, 3, 176, 1, ''),
(898, 3, 177, 1, ''),
(899, 3, 178, 1, ''),
(900, 3, 179, 1, ''),
(901, 3, 180, 1, ''),
(902, 3, 181, 1, ''),
(903, 3, 182, 1, ''),
(904, 3, 183, 1, ''),
(905, 3, 184, 1, ''),
(906, 3, 185, 1, ''),
(907, 3, 186, 1, ''),
(908, 3, 187, 1, ''),
(909, 3, 188, 1, ''),
(910, 3, 189, 1, ''),
(911, 3, 190, 1, ''),
(912, 3, 191, 1, ''),
(913, 3, 192, 1, ''),
(914, 3, 193, 1, ''),
(915, 3, 194, 1, ''),
(916, 3, 195, 1, ''),
(917, 3, 196, 1, ''),
(918, 3, 197, 1, ''),
(919, 3, 198, 1, ''),
(920, 3, 199, 1, ''),
(921, 3, 200, 1, ''),
(922, 3, 201, 1, ''),
(923, 3, 202, 1, ''),
(924, 3, 203, 1, ''),
(925, 3, 204, 1, ''),
(926, 3, 205, 1, ''),
(927, 3, 206, 1, ''),
(928, 3, 207, 1, ''),
(929, 3, 208, 1, ''),
(930, 3, 209, 1, ''),
(931, 3, 210, 1, ''),
(932, 3, 211, 1, ''),
(933, 3, 212, 1, ''),
(934, 3, 213, 1, ''),
(935, 3, 214, 1, ''),
(936, 3, 215, 1, ''),
(937, 3, 216, 1, ''),
(938, 3, 217, 1, ''),
(939, 3, 218, 1, ''),
(940, 3, 219, 1, ''),
(941, 3, 220, 1, ''),
(942, 3, 221, 1, ''),
(943, 3, 222, 1, ''),
(944, 3, 223, 1, ''),
(945, 3, 224, 1, ''),
(946, 3, 225, 1, ''),
(947, 3, 226, 1, ''),
(948, 3, 227, 1, ''),
(949, 3, 228, 1, ''),
(950, 3, 229, 1, ''),
(951, 3, 230, 1, ''),
(952, 3, 231, 1, ''),
(953, 3, 232, 1, ''),
(954, 3, 233, 1, ''),
(955, 3, 234, 1, ''),
(956, 3, 235, 1, ''),
(957, 3, 236, 1, ''),
(958, 3, 237, 1, ''),
(959, 3, 238, 1, ''),
(960, 3, 239, 1, ''),
(961, 3, 240, 1, ''),
(962, 3, 241, 1, ''),
(963, 3, 242, 1, ''),
(964, 3, 243, 1, ''),
(965, 3, 244, 1, ''),
(966, 3, 245, 1, ''),
(967, 3, 246, 1, ''),
(968, 3, 247, 1, ''),
(969, 3, 248, 1, ''),
(970, 3, 249, 1, ''),
(971, 3, 250, 1, ''),
(972, 3, 251, 1, ''),
(973, 3, 252, 1, ''),
(974, 3, 253, 1, ''),
(975, 3, 254, 1, ''),
(976, 3, 255, 1, ''),
(977, 3, 256, 1, ''),
(978, 3, 257, 1, ''),
(979, 3, 258, 1, ''),
(980, 3, 259, 1, ''),
(981, 3, 260, 1, ''),
(982, 3, 261, 1, ''),
(983, 3, 262, 1, ''),
(984, 3, 263, 1, ''),
(985, 3, 264, 1, ''),
(986, 3, 265, 1, ''),
(987, 3, 266, 1, ''),
(988, 3, 267, 1, ''),
(989, 3, 268, 1, ''),
(990, 3, 269, 1, ''),
(991, 3, 270, 1, ''),
(992, 3, 271, 1, ''),
(993, 3, 272, 1, ''),
(994, 3, 273, 1, ''),
(995, 3, 274, 1, ''),
(996, 3, 275, 1, ''),
(997, 3, 276, 1, ''),
(998, 3, 277, 1, ''),
(999, 3, 278, 1, ''),
(1000, 3, 279, 1, ''),
(1001, 3, 280, 1, ''),
(1002, 3, 281, 1, ''),
(1003, 3, 282, 1, ''),
(1004, 3, 283, 1, ''),
(1005, 3, 284, 1, ''),
(1006, 3, 285, 1, ''),
(1007, 3, 286, 1, ''),
(1008, 3, 287, 1, ''),
(1009, 3, 288, 1, ''),
(1010, 3, 289, 1, ''),
(1011, 3, 290, 1, ''),
(1012, 3, 291, 1, ''),
(1013, 3, 292, 1, ''),
(1014, 3, 293, 1, ''),
(1015, 3, 294, 1, ''),
(1016, 3, 295, 1, ''),
(1017, 3, 296, 1, ''),
(1018, 3, 297, 1, ''),
(1019, 3, 298, 1, ''),
(1020, 3, 299, 1, ''),
(1021, 3, 300, 1, ''),
(1022, 3, 301, 1, ''),
(1023, 3, 302, 1, ''),
(1024, 3, 303, 1, ''),
(1025, 3, 304, 1, ''),
(1026, 3, 305, 1, ''),
(1027, 3, 306, 1, ''),
(1028, 3, 307, 1, ''),
(1029, 3, 308, 1, ''),
(1030, 3, 309, 1, ''),
(1031, 3, 310, 1, ''),
(1032, 3, 311, 1, ''),
(1033, 3, 312, 1, ''),
(1034, 3, 313, 1, ''),
(1035, 3, 314, 1, ''),
(1036, 3, 315, 1, ''),
(1037, 3, 316, 1, ''),
(1038, 3, 317, 1, ''),
(1039, 3, 318, 1, ''),
(1040, 3, 319, 1, ''),
(1041, 3, 320, 1, ''),
(1042, 3, 321, 1, ''),
(1043, 3, 322, 1, ''),
(1044, 3, 323, 1, ''),
(1045, 3, 324, 1, ''),
(1046, 3, 325, 1, ''),
(1047, 3, 326, 1, ''),
(1048, 3, 327, 1, ''),
(1049, 3, 328, 1, ''),
(1050, 3, 329, 1, ''),
(1051, 3, 330, 1, ''),
(1052, 3, 331, 1, ''),
(1053, 3, 332, 1, ''),
(1054, 3, 333, 1, ''),
(1055, 3, 334, 1, ''),
(1056, 3, 335, 1, ''),
(1057, 3, 336, 1, ''),
(1058, 3, 337, 1, ''),
(1059, 3, 338, 1, ''),
(1060, 3, 339, 1, ''),
(1061, 3, 340, 1, ''),
(1062, 3, 341, 1, ''),
(1063, 3, 342, 1, ''),
(1064, 3, 343, 1, ''),
(1065, 3, 344, 1, ''),
(1066, 3, 345, 1, ''),
(1067, 3, 346, 1, ''),
(1068, 3, 347, 1, ''),
(1069, 3, 348, 1, ''),
(1070, 3, 349, 1, ''),
(1071, 3, 350, 1, ''),
(1072, 3, 351, 1, ''),
(1073, 3, 352, 1, ''),
(1074, 3, 353, 1, ''),
(1075, 3, 354, 1, ''),
(1076, 3, 355, 1, ''),
(1077, 3, 356, 1, ''),
(1078, 3, 357, 1, ''),
(1079, 3, 358, 1, ''),
(1080, 3, 359, 1, ''),
(1081, 3, 360, 1, ''),
(1082, 3, 361, 1, ''),
(1083, 3, 362, 1, ''),
(1084, 3, 363, 1, ''),
(1085, 3, 364, 1, ''),
(1086, 3, 365, 1, ''),
(1087, 3, 366, 1, ''),
(1088, 3, 367, 1, ''),
(1089, 3, 368, 1, ''),
(1090, 3, 369, 1, ''),
(1091, 3, 370, 1, ''),
(1092, 3, 371, 1, ''),
(1093, 3, 372, 1, ''),
(1094, 3, 373, 1, ''),
(1095, 3, 374, 1, ''),
(1096, 3, 375, 1, ''),
(1097, 3, 376, 1, ''),
(1098, 3, 377, 1, ''),
(1099, 3, 378, 1, ''),
(1100, 3, 379, 1, ''),
(1101, 3, 380, 1, ''),
(1102, 3, 381, 1, ''),
(1103, 3, 382, 1, ''),
(1104, 3, 383, 1, ''),
(1105, 3, 384, 1, ''),
(1106, 3, 385, 1, ''),
(1107, 3, 386, 1, ''),
(1108, 3, 387, 1, ''),
(1109, 3, 388, 1, ''),
(1110, 3, 389, 1, ''),
(1111, 3, 390, 1, ''),
(1112, 3, 391, 1, ''),
(1113, 3, 392, 1, ''),
(1114, 3, 393, 1, ''),
(1115, 3, 394, 1, ''),
(1116, 3, 395, 1, ''),
(1117, 4, 24, 1, ''),
(1118, 4, 25, 1, ''),
(1119, 4, 26, 1, ''),
(1120, 4, 27, 1, ''),
(1121, 4, 28, 1, ''),
(1122, 4, 29, 1, ''),
(1123, 4, 30, 1, ''),
(1124, 4, 31, 1, ''),
(1125, 4, 32, 1, ''),
(1126, 4, 33, 1, ''),
(1127, 4, 34, 1, ''),
(1128, 4, 35, 1, ''),
(1129, 4, 36, 1, ''),
(1130, 4, 37, 1, ''),
(1131, 4, 38, 1, ''),
(1132, 4, 39, 1, ''),
(1133, 4, 40, 1, ''),
(1134, 4, 41, 1, ''),
(1135, 4, 42, 1, ''),
(1136, 4, 43, 1, ''),
(1137, 4, 44, 1, ''),
(1138, 4, 45, 1, ''),
(1139, 4, 46, 1, ''),
(1140, 4, 47, 1, ''),
(1141, 4, 48, 1, ''),
(1142, 4, 49, 1, ''),
(1143, 4, 50, 1, ''),
(1144, 4, 51, 1, ''),
(1145, 4, 52, 1, ''),
(1146, 4, 53, 1, ''),
(1147, 4, 54, 1, ''),
(1148, 4, 55, 1, ''),
(1149, 4, 56, 1, ''),
(1150, 4, 57, 1, ''),
(1151, 4, 58, 1, ''),
(1152, 4, 59, 1, ''),
(1153, 4, 60, 1, ''),
(1154, 4, 61, 1, ''),
(1155, 4, 62, 1, ''),
(1156, 4, 63, 1, ''),
(1157, 4, 64, 1, ''),
(1158, 4, 65, 1, ''),
(1159, 4, 66, 1, ''),
(1160, 4, 67, 1, ''),
(1161, 4, 68, 1, ''),
(1162, 4, 69, 1, ''),
(1163, 4, 70, 1, ''),
(1164, 4, 71, 1, ''),
(1165, 4, 72, 1, ''),
(1166, 4, 73, 1, ''),
(1167, 4, 74, 1, ''),
(1168, 4, 75, 1, ''),
(1169, 4, 76, 1, ''),
(1170, 4, 77, 1, ''),
(1171, 4, 78, 1, ''),
(1172, 4, 79, 1, ''),
(1173, 4, 80, 1, ''),
(1174, 4, 81, 1, ''),
(1175, 4, 82, 1, ''),
(1176, 4, 83, 1, ''),
(1177, 4, 84, 1, ''),
(1178, 4, 85, 1, ''),
(1179, 4, 86, 1, ''),
(1180, 4, 87, 1, ''),
(1181, 4, 88, 1, ''),
(1182, 4, 89, 1, ''),
(1183, 4, 90, 1, ''),
(1184, 4, 91, 1, ''),
(1185, 4, 92, 1, ''),
(1186, 4, 93, 1, ''),
(1187, 4, 94, 1, ''),
(1188, 4, 95, 1, ''),
(1189, 4, 96, 1, ''),
(1190, 4, 97, 1, ''),
(1191, 4, 98, 1, ''),
(1192, 4, 99, 1, ''),
(1193, 4, 100, 1, ''),
(1194, 4, 101, 1, ''),
(1195, 4, 102, 1, ''),
(1196, 4, 103, 1, ''),
(1197, 4, 104, 1, ''),
(1198, 4, 105, 1, ''),
(1199, 4, 106, 1, ''),
(1200, 4, 107, 1, ''),
(1201, 4, 108, 1, ''),
(1202, 4, 109, 1, ''),
(1203, 4, 110, 1, ''),
(1204, 4, 111, 1, ''),
(1205, 4, 112, 1, ''),
(1206, 4, 113, 1, ''),
(1207, 4, 114, 1, ''),
(1208, 4, 115, 1, ''),
(1209, 4, 116, 1, ''),
(1210, 4, 117, 1, ''),
(1211, 4, 118, 1, ''),
(1212, 4, 119, 1, ''),
(1213, 4, 120, 1, ''),
(1214, 4, 121, 1, ''),
(1215, 4, 122, 1, ''),
(1216, 4, 123, 1, ''),
(1217, 4, 124, 1, ''),
(1218, 4, 125, 1, ''),
(1219, 4, 126, 1, ''),
(1220, 4, 127, 1, ''),
(1221, 4, 128, 1, ''),
(1222, 4, 129, 1, ''),
(1223, 4, 130, 1, ''),
(1224, 4, 131, 1, ''),
(1225, 4, 132, 1, ''),
(1226, 4, 133, 1, ''),
(1227, 4, 134, 1, ''),
(1228, 4, 135, 1, ''),
(1229, 4, 136, 1, ''),
(1230, 4, 137, 1, ''),
(1231, 4, 138, 1, ''),
(1232, 4, 139, 1, ''),
(1233, 4, 140, 1, ''),
(1234, 4, 141, 1, ''),
(1235, 4, 142, 1, ''),
(1236, 4, 143, 1, ''),
(1237, 4, 144, 1, ''),
(1238, 4, 145, 1, ''),
(1239, 4, 146, 1, ''),
(1240, 4, 147, 1, ''),
(1241, 4, 148, 1, ''),
(1242, 4, 149, 1, ''),
(1243, 4, 150, 1, ''),
(1244, 4, 151, 1, ''),
(1245, 4, 152, 1, ''),
(1246, 4, 153, 1, ''),
(1247, 4, 154, 1, ''),
(1248, 4, 155, 1, ''),
(1249, 4, 156, 1, ''),
(1250, 4, 157, 1, ''),
(1251, 4, 158, 1, ''),
(1252, 4, 159, 1, ''),
(1253, 4, 160, 1, ''),
(1254, 4, 161, 1, ''),
(1255, 4, 162, 1, ''),
(1256, 4, 163, 1, ''),
(1257, 4, 164, 1, ''),
(1258, 4, 165, 1, ''),
(1259, 4, 166, 1, ''),
(1260, 4, 167, 1, ''),
(1261, 4, 168, 1, ''),
(1262, 4, 169, 1, ''),
(1263, 4, 170, 1, ''),
(1264, 4, 171, 1, ''),
(1265, 4, 172, 1, ''),
(1266, 4, 173, 1, ''),
(1267, 4, 174, 1, ''),
(1268, 4, 175, 1, ''),
(1269, 4, 176, 1, ''),
(1270, 4, 177, 1, ''),
(1271, 4, 178, 1, ''),
(1272, 4, 179, 1, ''),
(1273, 4, 180, 1, ''),
(1274, 4, 181, 1, ''),
(1275, 4, 182, 1, ''),
(1276, 4, 183, 1, ''),
(1277, 4, 184, 1, ''),
(1278, 4, 185, 1, ''),
(1279, 4, 186, 1, ''),
(1280, 4, 187, 1, ''),
(1281, 4, 188, 1, ''),
(1282, 4, 189, 1, ''),
(1283, 4, 190, 1, ''),
(1284, 4, 191, 1, ''),
(1285, 4, 192, 1, ''),
(1286, 4, 193, 1, ''),
(1287, 4, 194, 1, ''),
(1288, 4, 195, 1, ''),
(1289, 4, 196, 1, ''),
(1290, 4, 197, 1, ''),
(1291, 4, 198, 1, ''),
(1292, 4, 199, 1, ''),
(1293, 4, 200, 1, ''),
(1294, 4, 201, 1, ''),
(1295, 4, 202, 1, ''),
(1296, 4, 203, 1, ''),
(1297, 4, 204, 1, ''),
(1298, 4, 205, 1, ''),
(1299, 4, 206, 1, ''),
(1300, 4, 207, 1, ''),
(1301, 4, 208, 1, ''),
(1302, 4, 209, 1, ''),
(1303, 4, 210, 1, ''),
(1304, 4, 211, 1, ''),
(1305, 4, 212, 1, ''),
(1306, 4, 213, 1, ''),
(1307, 4, 214, 1, ''),
(1308, 4, 215, 1, ''),
(1309, 4, 216, 1, ''),
(1310, 4, 217, 1, ''),
(1311, 4, 218, 1, ''),
(1312, 4, 219, 1, ''),
(1313, 4, 220, 1, ''),
(1314, 4, 221, 1, ''),
(1315, 4, 222, 1, ''),
(1316, 4, 223, 1, ''),
(1317, 4, 224, 1, ''),
(1318, 4, 225, 1, ''),
(1319, 4, 226, 1, ''),
(1320, 4, 227, 1, ''),
(1321, 4, 228, 1, ''),
(1322, 4, 229, 1, ''),
(1323, 4, 230, 1, ''),
(1324, 4, 231, 1, ''),
(1325, 4, 232, 1, ''),
(1326, 4, 233, 1, ''),
(1327, 4, 234, 1, ''),
(1328, 4, 235, 1, ''),
(1329, 4, 236, 1, ''),
(1330, 4, 237, 1, ''),
(1331, 4, 238, 1, ''),
(1332, 4, 239, 1, ''),
(1333, 4, 240, 1, ''),
(1334, 4, 241, 1, ''),
(1335, 4, 242, 1, ''),
(1336, 4, 243, 1, ''),
(1337, 4, 244, 1, ''),
(1338, 4, 245, 1, ''),
(1339, 4, 246, 1, ''),
(1340, 4, 247, 1, ''),
(1341, 4, 248, 1, ''),
(1342, 4, 249, 1, ''),
(1343, 4, 250, 1, ''),
(1344, 4, 251, 1, ''),
(1345, 4, 252, 1, ''),
(1346, 4, 253, 1, ''),
(1347, 4, 254, 1, ''),
(1348, 4, 255, 1, ''),
(1349, 4, 256, 1, ''),
(1350, 4, 257, 1, ''),
(1351, 4, 258, 1, ''),
(1352, 4, 259, 1, ''),
(1353, 4, 260, 1, ''),
(1354, 4, 261, 1, ''),
(1355, 4, 262, 1, ''),
(1356, 4, 263, 1, ''),
(1357, 4, 264, 1, ''),
(1358, 4, 265, 1, ''),
(1359, 4, 266, 1, ''),
(1360, 4, 267, 1, ''),
(1361, 4, 268, 1, ''),
(1362, 4, 269, 1, ''),
(1363, 4, 270, 1, ''),
(1364, 4, 271, 1, ''),
(1365, 4, 272, 1, ''),
(1366, 4, 273, 1, ''),
(1367, 4, 274, 1, ''),
(1368, 4, 275, 1, ''),
(1369, 4, 276, 1, ''),
(1370, 4, 277, 1, ''),
(1371, 4, 278, 1, ''),
(1372, 4, 279, 1, ''),
(1373, 4, 280, 1, ''),
(1374, 4, 281, 1, ''),
(1375, 4, 282, 1, ''),
(1376, 4, 283, 1, ''),
(1377, 4, 284, 1, ''),
(1378, 4, 285, 1, ''),
(1379, 4, 286, 1, ''),
(1380, 4, 287, 1, ''),
(1381, 4, 288, 1, ''),
(1382, 4, 289, 1, ''),
(1383, 4, 290, 1, ''),
(1384, 4, 291, 1, ''),
(1385, 4, 292, 1, ''),
(1386, 4, 293, 1, ''),
(1387, 4, 294, 1, ''),
(1388, 4, 295, 1, ''),
(1389, 4, 296, 1, ''),
(1390, 4, 297, 1, ''),
(1391, 4, 298, 1, ''),
(1392, 4, 299, 1, ''),
(1393, 4, 300, 1, ''),
(1394, 4, 301, 1, ''),
(1395, 4, 302, 1, ''),
(1396, 4, 303, 1, ''),
(1397, 4, 304, 1, ''),
(1398, 4, 305, 1, ''),
(1399, 4, 306, 1, ''),
(1400, 4, 307, 1, ''),
(1401, 4, 308, 1, ''),
(1402, 4, 309, 1, ''),
(1403, 4, 310, 1, ''),
(1404, 4, 311, 1, ''),
(1405, 4, 312, 1, ''),
(1406, 4, 313, 1, ''),
(1407, 4, 314, 1, ''),
(1408, 4, 315, 1, ''),
(1409, 4, 316, 1, ''),
(1410, 4, 317, 1, ''),
(1411, 4, 318, 1, ''),
(1412, 4, 319, 1, ''),
(1413, 4, 320, 1, ''),
(1414, 4, 321, 1, ''),
(1415, 4, 322, 1, ''),
(1416, 4, 323, 1, ''),
(1417, 4, 324, 1, ''),
(1418, 4, 325, 1, ''),
(1419, 4, 326, 1, ''),
(1420, 4, 327, 1, ''),
(1421, 4, 328, 1, ''),
(1422, 4, 329, 1, ''),
(1423, 4, 330, 1, ''),
(1424, 4, 331, 1, ''),
(1425, 4, 332, 1, ''),
(1426, 4, 333, 1, ''),
(1427, 4, 334, 1, ''),
(1428, 4, 335, 1, ''),
(1429, 4, 336, 1, ''),
(1430, 4, 337, 1, ''),
(1431, 4, 338, 1, ''),
(1432, 4, 339, 1, ''),
(1433, 4, 340, 1, ''),
(1434, 4, 341, 1, ''),
(1435, 4, 342, 1, ''),
(1436, 4, 343, 1, ''),
(1437, 4, 344, 1, ''),
(1438, 4, 345, 1, ''),
(1439, 4, 346, 1, ''),
(1440, 4, 347, 1, ''),
(1441, 4, 348, 1, ''),
(1442, 4, 349, 1, ''),
(1443, 4, 350, 1, ''),
(1444, 4, 351, 1, ''),
(1445, 4, 352, 1, ''),
(1446, 4, 353, 1, ''),
(1447, 4, 354, 1, ''),
(1448, 4, 355, 1, ''),
(1449, 4, 356, 1, ''),
(1450, 4, 357, 1, ''),
(1451, 4, 358, 1, ''),
(1452, 4, 359, 1, ''),
(1453, 4, 360, 1, ''),
(1454, 4, 361, 1, ''),
(1455, 4, 362, 1, ''),
(1456, 4, 363, 1, ''),
(1457, 4, 364, 1, ''),
(1458, 4, 365, 1, ''),
(1459, 4, 366, 1, ''),
(1460, 4, 367, 1, ''),
(1461, 4, 368, 1, ''),
(1462, 4, 369, 1, ''),
(1463, 4, 370, 1, ''),
(1464, 4, 371, 1, ''),
(1465, 4, 372, 1, ''),
(1466, 4, 373, 1, ''),
(1467, 4, 374, 1, ''),
(1468, 4, 375, 1, ''),
(1469, 4, 376, 1, ''),
(1470, 4, 377, 1, ''),
(1471, 4, 378, 1, ''),
(1472, 4, 379, 1, ''),
(1473, 4, 380, 1, ''),
(1474, 4, 381, 1, ''),
(1475, 4, 382, 1, ''),
(1476, 4, 383, 1, ''),
(1477, 4, 384, 1, ''),
(1478, 4, 385, 1, ''),
(1479, 4, 386, 1, ''),
(1480, 4, 387, 1, ''),
(1481, 4, 388, 1, ''),
(1482, 4, 389, 1, ''),
(1483, 4, 390, 1, ''),
(1484, 4, 391, 1, ''),
(1485, 4, 392, 1, ''),
(1486, 4, 393, 1, ''),
(1487, 4, 394, 1, ''),
(1488, 4, 395, 1, ''),
(1489, 5, 24, 1, ''),
(1490, 5, 25, 1, ''),
(1491, 5, 26, 1, ''),
(1492, 5, 27, 1, ''),
(1493, 5, 28, 1, ''),
(1494, 5, 29, 1, ''),
(1495, 5, 30, 1, ''),
(1496, 5, 31, 1, ''),
(1497, 5, 32, 1, ''),
(1498, 5, 33, 1, ''),
(1499, 5, 34, 1, ''),
(1500, 5, 35, 1, ''),
(1501, 5, 36, 1, ''),
(1502, 5, 37, 1, ''),
(1503, 5, 38, 1, ''),
(1504, 5, 39, 1, ''),
(1505, 5, 40, 1, ''),
(1506, 5, 41, 1, ''),
(1507, 5, 42, 1, ''),
(1508, 5, 43, 1, ''),
(1509, 5, 44, 1, ''),
(1510, 5, 45, 1, ''),
(1511, 5, 46, 1, ''),
(1512, 5, 47, 1, ''),
(1513, 5, 48, 1, ''),
(1514, 5, 49, 1, ''),
(1515, 5, 50, 1, ''),
(1516, 5, 51, 1, ''),
(1517, 5, 52, 1, ''),
(1518, 5, 53, 1, ''),
(1519, 5, 54, 1, ''),
(1520, 5, 55, 1, ''),
(1521, 5, 56, 1, ''),
(1522, 5, 57, 1, ''),
(1523, 5, 58, 1, ''),
(1524, 5, 59, 1, ''),
(1525, 5, 60, 1, ''),
(1526, 5, 61, 1, ''),
(1527, 5, 62, 1, ''),
(1528, 5, 63, 1, ''),
(1529, 5, 64, 1, ''),
(1530, 5, 65, 1, ''),
(1531, 5, 66, 1, ''),
(1532, 5, 67, 1, ''),
(1533, 5, 68, 1, ''),
(1534, 5, 69, 1, ''),
(1535, 5, 70, 1, ''),
(1536, 5, 71, 1, ''),
(1537, 5, 72, 1, ''),
(1538, 5, 73, 1, ''),
(1539, 5, 74, 1, ''),
(1540, 5, 75, 1, ''),
(1541, 5, 76, 1, ''),
(1542, 5, 77, 1, ''),
(1543, 5, 78, 1, ''),
(1544, 5, 79, 1, ''),
(1545, 5, 80, 1, ''),
(1546, 5, 81, 1, ''),
(1547, 5, 82, 1, ''),
(1548, 5, 83, 1, ''),
(1549, 5, 84, 1, ''),
(1550, 5, 85, 1, ''),
(1551, 5, 86, 1, ''),
(1552, 5, 87, 1, ''),
(1553, 5, 88, 1, ''),
(1554, 5, 89, 1, ''),
(1555, 5, 90, 1, ''),
(1556, 5, 91, 1, ''),
(1557, 5, 92, 1, ''),
(1558, 5, 93, 1, ''),
(1559, 5, 94, 1, ''),
(1560, 5, 95, 1, ''),
(1561, 5, 96, 1, ''),
(1562, 5, 97, 1, ''),
(1563, 5, 98, 1, ''),
(1564, 5, 99, 1, ''),
(1565, 5, 100, 1, ''),
(1566, 5, 101, 1, ''),
(1567, 5, 102, 1, ''),
(1568, 5, 103, 1, ''),
(1569, 5, 104, 1, ''),
(1570, 5, 105, 1, ''),
(1571, 5, 106, 1, ''),
(1572, 5, 107, 1, ''),
(1573, 5, 108, 1, ''),
(1574, 5, 109, 1, ''),
(1575, 5, 110, 1, ''),
(1576, 5, 111, 1, ''),
(1577, 5, 112, 1, ''),
(1578, 5, 113, 1, ''),
(1579, 5, 114, 1, ''),
(1580, 5, 115, 1, ''),
(1581, 5, 116, 1, ''),
(1582, 5, 117, 1, ''),
(1583, 5, 118, 1, ''),
(1584, 5, 119, 1, ''),
(1585, 5, 120, 1, ''),
(1586, 5, 121, 1, ''),
(1587, 5, 122, 1, ''),
(1588, 5, 123, 1, ''),
(1589, 5, 124, 1, ''),
(1590, 5, 125, 1, ''),
(1591, 5, 126, 1, ''),
(1592, 5, 127, 1, ''),
(1593, 5, 128, 1, ''),
(1594, 5, 129, 1, ''),
(1595, 5, 130, 1, ''),
(1596, 5, 131, 1, ''),
(1597, 5, 132, 1, ''),
(1598, 5, 133, 1, ''),
(1599, 5, 134, 1, ''),
(1600, 5, 135, 1, ''),
(1601, 5, 136, 1, ''),
(1602, 5, 137, 1, ''),
(1603, 5, 138, 1, ''),
(1604, 5, 139, 1, ''),
(1605, 5, 140, 1, ''),
(1606, 5, 141, 1, ''),
(1607, 5, 142, 1, ''),
(1608, 5, 143, 1, ''),
(1609, 5, 144, 1, ''),
(1610, 5, 145, 1, ''),
(1611, 5, 146, 1, ''),
(1612, 5, 147, 1, ''),
(1613, 5, 148, 1, ''),
(1614, 5, 149, 1, ''),
(1615, 5, 150, 1, ''),
(1616, 5, 151, 1, ''),
(1617, 5, 152, 1, ''),
(1618, 5, 153, 1, ''),
(1619, 5, 154, 1, ''),
(1620, 5, 155, 1, ''),
(1621, 5, 156, 1, ''),
(1622, 5, 157, 1, ''),
(1623, 5, 158, 1, ''),
(1624, 5, 159, 1, ''),
(1625, 5, 160, 1, ''),
(1626, 5, 161, 1, ''),
(1627, 5, 162, 1, ''),
(1628, 5, 163, 1, ''),
(1629, 5, 164, 1, ''),
(1630, 5, 165, 1, ''),
(1631, 5, 166, 1, ''),
(1632, 5, 167, 1, ''),
(1633, 5, 168, 1, ''),
(1634, 5, 169, 1, ''),
(1635, 5, 170, 1, ''),
(1636, 5, 171, 1, ''),
(1637, 5, 172, 1, ''),
(1638, 5, 173, 1, ''),
(1639, 5, 174, 1, ''),
(1640, 5, 175, 1, ''),
(1641, 5, 176, 1, ''),
(1642, 5, 177, 1, ''),
(1643, 5, 178, 1, ''),
(1644, 5, 179, 1, ''),
(1645, 5, 180, 1, ''),
(1646, 5, 181, 1, ''),
(1647, 5, 182, 1, ''),
(1648, 5, 183, 1, ''),
(1649, 5, 184, 1, ''),
(1650, 5, 185, 1, ''),
(1651, 5, 186, 1, ''),
(1652, 5, 187, 1, ''),
(1653, 5, 188, 1, ''),
(1654, 5, 189, 1, ''),
(1655, 5, 190, 1, ''),
(1656, 5, 191, 1, ''),
(1657, 5, 192, 1, ''),
(1658, 5, 193, 1, ''),
(1659, 5, 194, 1, ''),
(1660, 5, 195, 1, ''),
(1661, 5, 196, 1, ''),
(1662, 5, 197, 1, ''),
(1663, 5, 198, 1, ''),
(1664, 5, 199, 1, ''),
(1665, 5, 200, 1, ''),
(1666, 5, 201, 1, ''),
(1667, 5, 202, 1, ''),
(1668, 5, 203, 1, ''),
(1669, 5, 204, 1, ''),
(1670, 5, 205, 1, ''),
(1671, 5, 206, 1, ''),
(1672, 5, 207, 1, ''),
(1673, 5, 208, 1, ''),
(1674, 5, 209, 1, ''),
(1675, 5, 210, 1, ''),
(1676, 5, 211, 1, ''),
(1677, 5, 212, 1, ''),
(1678, 5, 213, 1, ''),
(1679, 5, 214, 1, ''),
(1680, 5, 215, 1, ''),
(1681, 5, 216, 1, ''),
(1682, 5, 217, 1, ''),
(1683, 5, 218, 1, ''),
(1684, 5, 219, 1, ''),
(1685, 5, 220, 1, ''),
(1686, 5, 221, 1, ''),
(1687, 5, 222, 1, ''),
(1688, 5, 223, 1, ''),
(1689, 5, 224, 1, ''),
(1690, 5, 225, 1, ''),
(1691, 5, 226, 1, ''),
(1692, 5, 227, 1, ''),
(1693, 5, 228, 1, ''),
(1694, 5, 229, 1, ''),
(1695, 5, 230, 1, ''),
(1696, 5, 231, 1, ''),
(1697, 5, 232, 1, ''),
(1698, 5, 233, 1, ''),
(1699, 5, 234, 1, ''),
(1700, 5, 235, 1, ''),
(1701, 5, 236, 1, ''),
(1702, 5, 237, 1, ''),
(1703, 5, 238, 1, ''),
(1704, 5, 239, 1, ''),
(1705, 5, 240, 1, ''),
(1706, 5, 241, 1, ''),
(1707, 5, 242, 1, ''),
(1708, 5, 243, 1, ''),
(1709, 5, 244, 1, ''),
(1710, 5, 245, 1, ''),
(1711, 5, 246, 1, ''),
(1712, 5, 247, 1, ''),
(1713, 5, 248, 1, ''),
(1714, 5, 249, 1, ''),
(1715, 5, 250, 1, ''),
(1716, 5, 251, 1, ''),
(1717, 5, 252, 1, ''),
(1718, 5, 253, 1, ''),
(1719, 5, 254, 1, ''),
(1720, 5, 255, 1, ''),
(1721, 5, 256, 1, ''),
(1722, 5, 257, 1, ''),
(1723, 5, 258, 1, ''),
(1724, 5, 259, 1, ''),
(1725, 5, 260, 1, ''),
(1726, 5, 261, 1, ''),
(1727, 5, 262, 1, ''),
(1728, 5, 263, 1, ''),
(1729, 5, 264, 1, ''),
(1730, 5, 265, 1, ''),
(1731, 5, 266, 1, ''),
(1732, 5, 267, 1, ''),
(1733, 5, 268, 1, ''),
(1734, 5, 269, 1, ''),
(1735, 5, 270, 1, ''),
(1736, 5, 271, 1, ''),
(1737, 5, 272, 1, ''),
(1738, 5, 273, 1, ''),
(1739, 5, 274, 1, ''),
(1740, 5, 275, 1, ''),
(1741, 5, 276, 1, ''),
(1742, 5, 277, 1, ''),
(1743, 5, 278, 1, ''),
(1744, 5, 279, 1, ''),
(1745, 5, 280, 1, ''),
(1746, 5, 281, 1, ''),
(1747, 5, 282, 1, ''),
(1748, 5, 283, 1, ''),
(1749, 5, 284, 1, ''),
(1750, 5, 285, 1, ''),
(1751, 5, 286, 1, ''),
(1752, 5, 287, 1, ''),
(1753, 5, 288, 1, ''),
(1754, 5, 289, 1, ''),
(1755, 5, 290, 1, ''),
(1756, 5, 291, 1, ''),
(1757, 5, 292, 1, ''),
(1758, 5, 293, 1, ''),
(1759, 5, 294, 1, ''),
(1760, 5, 295, 1, ''),
(1761, 5, 296, 1, ''),
(1762, 5, 297, 1, ''),
(1763, 5, 298, 1, ''),
(1764, 5, 299, 1, ''),
(1765, 5, 300, 1, ''),
(1766, 5, 301, 1, ''),
(1767, 5, 302, 1, ''),
(1768, 5, 303, 1, ''),
(1769, 5, 304, 1, ''),
(1770, 5, 305, 1, ''),
(1771, 5, 306, 1, ''),
(1772, 5, 307, 1, ''),
(1773, 5, 308, 1, ''),
(1774, 5, 309, 1, ''),
(1775, 5, 310, 1, ''),
(1776, 5, 311, 1, ''),
(1777, 5, 312, 1, ''),
(1778, 5, 313, 1, ''),
(1779, 5, 314, 1, ''),
(1780, 5, 315, 1, ''),
(1781, 5, 316, 1, ''),
(1782, 5, 317, 1, ''),
(1783, 5, 318, 1, ''),
(1784, 5, 319, 1, ''),
(1785, 5, 320, 1, ''),
(1786, 5, 321, 1, ''),
(1787, 5, 322, 1, ''),
(1788, 5, 323, 1, ''),
(1789, 5, 324, 1, ''),
(1790, 5, 325, 1, ''),
(1791, 5, 326, 1, ''),
(1792, 5, 327, 1, ''),
(1793, 5, 328, 1, ''),
(1794, 5, 329, 1, ''),
(1795, 5, 330, 1, ''),
(1796, 5, 331, 1, ''),
(1797, 5, 332, 1, ''),
(1798, 5, 333, 1, ''),
(1799, 5, 334, 1, ''),
(1800, 5, 335, 1, ''),
(1801, 5, 336, 1, ''),
(1802, 5, 337, 1, ''),
(1803, 5, 338, 1, ''),
(1804, 5, 339, 1, ''),
(1805, 5, 340, 1, ''),
(1806, 5, 341, 1, ''),
(1807, 5, 342, 1, ''),
(1808, 5, 343, 1, ''),
(1809, 5, 344, 1, ''),
(1810, 5, 345, 1, ''),
(1811, 5, 346, 1, ''),
(1812, 5, 347, 1, ''),
(1813, 5, 348, 1, ''),
(1814, 5, 349, 1, ''),
(1815, 5, 350, 1, ''),
(1816, 5, 351, 1, ''),
(1817, 5, 352, 1, ''),
(1818, 5, 353, 1, ''),
(1819, 5, 354, 1, ''),
(1820, 5, 355, 1, ''),
(1821, 5, 356, 1, ''),
(1822, 5, 357, 1, ''),
(1823, 5, 358, 1, ''),
(1824, 5, 359, 1, ''),
(1825, 5, 360, 1, ''),
(1826, 5, 361, 1, ''),
(1827, 5, 362, 1, ''),
(1828, 5, 363, 1, ''),
(1829, 5, 364, 1, ''),
(1830, 5, 365, 1, ''),
(1831, 5, 366, 1, ''),
(1832, 5, 367, 1, ''),
(1833, 5, 368, 1, ''),
(1834, 5, 369, 1, ''),
(1835, 5, 370, 1, ''),
(1836, 5, 371, 1, ''),
(1837, 5, 372, 1, ''),
(1838, 5, 373, 1, ''),
(1839, 5, 374, 1, ''),
(1840, 5, 375, 1, ''),
(1841, 5, 376, 1, ''),
(1842, 5, 377, 1, ''),
(1843, 5, 378, 1, ''),
(1844, 5, 379, 1, ''),
(1845, 5, 380, 1, ''),
(1846, 5, 381, 1, ''),
(1847, 5, 382, 1, ''),
(1848, 5, 383, 1, ''),
(1849, 5, 384, 1, ''),
(1850, 5, 385, 1, ''),
(1851, 5, 386, 1, ''),
(1852, 5, 387, 1, ''),
(1853, 5, 388, 1, ''),
(1854, 5, 389, 1, ''),
(1855, 5, 390, 1, ''),
(1856, 5, 391, 1, ''),
(1857, 5, 392, 1, ''),
(1858, 5, 393, 1, ''),
(1859, 5, 394, 1, ''),
(1860, 5, 395, 1, ''),
(1861, 6, 24, 1, ''),
(1862, 6, 25, 1, ''),
(1863, 6, 26, 1, ''),
(1864, 6, 27, 1, ''),
(1865, 6, 28, 1, ''),
(1866, 6, 29, 1, ''),
(1867, 6, 30, 1, ''),
(1868, 6, 31, 1, ''),
(1869, 6, 32, 1, ''),
(1870, 6, 33, 1, ''),
(1871, 6, 34, 1, ''),
(1872, 6, 35, 1, ''),
(1873, 6, 36, 1, ''),
(1874, 6, 37, 1, ''),
(1875, 6, 38, 1, ''),
(1876, 6, 39, 1, ''),
(1877, 6, 40, 1, ''),
(1878, 6, 41, 1, ''),
(1879, 6, 42, 1, ''),
(1880, 6, 43, 1, ''),
(1881, 6, 44, 1, ''),
(1882, 6, 45, 1, ''),
(1883, 6, 46, 1, ''),
(1884, 6, 47, 1, ''),
(1885, 6, 48, 1, ''),
(1886, 6, 49, 1, ''),
(1887, 6, 50, 1, ''),
(1888, 6, 51, 1, ''),
(1889, 6, 52, 1, ''),
(1890, 6, 53, 1, ''),
(1891, 6, 54, 1, ''),
(1892, 6, 55, 1, ''),
(1893, 6, 56, 1, ''),
(1894, 6, 57, 1, ''),
(1895, 6, 58, 1, ''),
(1896, 6, 59, 1, ''),
(1897, 6, 60, 1, ''),
(1898, 6, 61, 1, ''),
(1899, 6, 62, 1, ''),
(1900, 6, 63, 1, ''),
(1901, 6, 64, 1, ''),
(1902, 6, 65, 1, ''),
(1903, 6, 66, 1, ''),
(1904, 6, 67, 1, ''),
(1905, 6, 68, 1, ''),
(1906, 6, 69, 1, ''),
(1907, 6, 70, 1, ''),
(1908, 6, 71, 1, ''),
(1909, 6, 72, 1, ''),
(1910, 6, 73, 1, ''),
(1911, 6, 74, 1, ''),
(1912, 6, 75, 1, ''),
(1913, 6, 76, 1, ''),
(1914, 6, 77, 1, ''),
(1915, 6, 78, 1, ''),
(1916, 6, 79, 1, ''),
(1917, 6, 80, 1, ''),
(1918, 6, 81, 1, ''),
(1919, 6, 82, 1, ''),
(1920, 6, 83, 1, ''),
(1921, 6, 84, 1, ''),
(1922, 6, 85, 1, ''),
(1923, 6, 86, 1, ''),
(1924, 6, 87, 1, ''),
(1925, 6, 88, 1, ''),
(1926, 6, 89, 1, ''),
(1927, 6, 90, 1, ''),
(1928, 6, 91, 1, ''),
(1929, 6, 92, 1, ''),
(1930, 6, 93, 1, ''),
(1931, 6, 94, 1, ''),
(1932, 6, 95, 1, ''),
(1933, 6, 96, 1, ''),
(1934, 6, 97, 1, ''),
(1935, 6, 98, 1, ''),
(1936, 6, 99, 1, ''),
(1937, 6, 100, 1, ''),
(1938, 6, 101, 1, ''),
(1939, 6, 102, 1, ''),
(1940, 6, 103, 1, ''),
(1941, 6, 104, 1, ''),
(1942, 6, 105, 1, ''),
(1943, 6, 106, 1, ''),
(1944, 6, 107, 1, ''),
(1945, 6, 108, 1, ''),
(1946, 6, 109, 1, ''),
(1947, 6, 110, 1, ''),
(1948, 6, 111, 1, ''),
(1949, 6, 112, 1, ''),
(1950, 6, 113, 1, ''),
(1951, 6, 114, 1, ''),
(1952, 6, 115, 1, ''),
(1953, 6, 116, 1, ''),
(1954, 6, 117, 1, ''),
(1955, 6, 118, 1, ''),
(1956, 6, 119, 1, ''),
(1957, 6, 120, 1, ''),
(1958, 6, 121, 1, ''),
(1959, 6, 122, 1, ''),
(1960, 6, 123, 1, ''),
(1961, 6, 124, 1, ''),
(1962, 6, 125, 1, ''),
(1963, 6, 126, 1, ''),
(1964, 6, 127, 1, ''),
(1965, 6, 128, 1, ''),
(1966, 6, 129, 1, ''),
(1967, 6, 130, 1, ''),
(1968, 6, 131, 1, ''),
(1969, 6, 132, 1, ''),
(1970, 6, 133, 1, ''),
(1971, 6, 134, 1, ''),
(1972, 6, 135, 1, ''),
(1973, 6, 136, 1, ''),
(1974, 6, 137, 1, ''),
(1975, 6, 138, 1, ''),
(1976, 6, 139, 1, ''),
(1977, 6, 140, 1, ''),
(1978, 6, 141, 1, ''),
(1979, 6, 142, 1, ''),
(1980, 6, 143, 1, ''),
(1981, 6, 144, 1, ''),
(1982, 6, 145, 1, ''),
(1983, 6, 146, 1, ''),
(1984, 6, 147, 1, ''),
(1985, 6, 148, 1, ''),
(1986, 6, 149, 1, ''),
(1987, 6, 150, 1, ''),
(1988, 6, 151, 1, ''),
(1989, 6, 152, 1, ''),
(1990, 6, 153, 1, ''),
(1991, 6, 154, 1, ''),
(1992, 6, 155, 1, ''),
(1993, 6, 156, 1, ''),
(1994, 6, 157, 1, ''),
(1995, 6, 158, 1, ''),
(1996, 6, 159, 1, ''),
(1997, 6, 160, 1, ''),
(1998, 6, 161, 1, ''),
(1999, 6, 162, 1, ''),
(2000, 6, 163, 1, ''),
(2001, 6, 164, 1, ''),
(2002, 6, 165, 1, ''),
(2003, 6, 166, 1, ''),
(2004, 6, 167, 1, ''),
(2005, 6, 168, 1, ''),
(2006, 6, 169, 1, ''),
(2007, 6, 170, 1, ''),
(2008, 6, 171, 1, ''),
(2009, 6, 172, 1, ''),
(2010, 6, 173, 1, ''),
(2011, 6, 174, 1, ''),
(2012, 6, 175, 1, ''),
(2013, 6, 176, 1, ''),
(2014, 6, 177, 1, ''),
(2015, 6, 178, 1, ''),
(2016, 6, 179, 1, ''),
(2017, 6, 180, 1, ''),
(2018, 6, 181, 1, ''),
(2019, 6, 182, 1, ''),
(2020, 6, 183, 1, ''),
(2021, 6, 184, 1, ''),
(2022, 6, 185, 1, ''),
(2023, 6, 186, 1, ''),
(2024, 6, 187, 1, ''),
(2025, 6, 188, 1, ''),
(2026, 6, 189, 1, ''),
(2027, 6, 190, 1, ''),
(2028, 6, 191, 1, ''),
(2029, 6, 192, 1, ''),
(2030, 6, 193, 1, ''),
(2031, 6, 194, 1, ''),
(2032, 6, 195, 1, ''),
(2033, 6, 196, 1, ''),
(2034, 6, 197, 1, ''),
(2035, 6, 198, 1, ''),
(2036, 6, 199, 1, ''),
(2037, 6, 200, 1, ''),
(2038, 6, 201, 1, ''),
(2039, 6, 202, 1, ''),
(2040, 6, 203, 1, ''),
(2041, 6, 204, 1, ''),
(2042, 6, 205, 1, ''),
(2043, 6, 206, 1, ''),
(2044, 6, 207, 1, ''),
(2045, 6, 208, 1, ''),
(2046, 6, 209, 1, ''),
(2047, 6, 210, 1, ''),
(2048, 6, 211, 1, ''),
(2049, 6, 212, 1, ''),
(2050, 6, 213, 1, ''),
(2051, 6, 214, 1, ''),
(2052, 6, 215, 1, ''),
(2053, 6, 216, 1, ''),
(2054, 6, 217, 1, ''),
(2055, 6, 218, 1, ''),
(2056, 6, 219, 1, ''),
(2057, 6, 220, 1, ''),
(2058, 6, 221, 1, ''),
(2059, 6, 222, 1, ''),
(2060, 6, 223, 1, ''),
(2061, 6, 224, 1, ''),
(2062, 6, 225, 1, ''),
(2063, 6, 226, 1, ''),
(2064, 6, 227, 1, ''),
(2065, 6, 228, 1, ''),
(2066, 6, 229, 1, ''),
(2067, 6, 230, 1, ''),
(2068, 6, 231, 1, ''),
(2069, 6, 232, 1, ''),
(2070, 6, 233, 1, ''),
(2071, 6, 234, 1, ''),
(2072, 6, 235, 1, ''),
(2073, 6, 236, 1, ''),
(2074, 6, 237, 1, ''),
(2075, 6, 238, 1, ''),
(2076, 6, 239, 1, ''),
(2077, 6, 240, 1, ''),
(2078, 6, 241, 1, ''),
(2079, 6, 242, 1, ''),
(2080, 6, 243, 1, ''),
(2081, 6, 244, 1, ''),
(2082, 6, 245, 1, ''),
(2083, 6, 246, 1, ''),
(2084, 6, 247, 1, ''),
(2085, 6, 248, 1, ''),
(2086, 6, 249, 1, ''),
(2087, 6, 250, 1, ''),
(2088, 6, 251, 1, ''),
(2089, 6, 252, 1, ''),
(2090, 6, 253, 1, ''),
(2091, 6, 254, 1, ''),
(2092, 6, 255, 1, ''),
(2093, 6, 256, 1, ''),
(2094, 6, 257, 1, ''),
(2095, 6, 258, 1, ''),
(2096, 6, 259, 1, ''),
(2097, 6, 260, 1, ''),
(2098, 6, 261, 1, ''),
(2099, 6, 262, 1, ''),
(2100, 6, 263, 1, ''),
(2101, 6, 264, 1, ''),
(2102, 6, 265, 1, ''),
(2103, 6, 266, 1, ''),
(2104, 6, 267, 1, ''),
(2105, 6, 268, 1, ''),
(2106, 6, 269, 1, ''),
(2107, 6, 270, 1, ''),
(2108, 6, 271, 1, ''),
(2109, 6, 272, 1, ''),
(2110, 6, 273, 1, ''),
(2111, 6, 274, 1, ''),
(2112, 6, 275, 1, ''),
(2113, 6, 276, 1, ''),
(2114, 6, 277, 1, ''),
(2115, 6, 278, 1, ''),
(2116, 6, 279, 1, ''),
(2117, 6, 280, 1, ''),
(2118, 6, 281, 1, ''),
(2119, 6, 282, 1, ''),
(2120, 6, 283, 1, ''),
(2121, 6, 284, 1, ''),
(2122, 6, 285, 1, ''),
(2123, 6, 286, 1, ''),
(2124, 6, 287, 1, ''),
(2125, 6, 288, 1, ''),
(2126, 6, 289, 1, ''),
(2127, 6, 290, 1, ''),
(2128, 6, 291, 1, ''),
(2129, 6, 292, 1, ''),
(2130, 6, 293, 1, ''),
(2131, 6, 294, 1, ''),
(2132, 6, 295, 1, ''),
(2133, 6, 296, 1, ''),
(2134, 6, 297, 1, ''),
(2135, 6, 298, 1, ''),
(2136, 6, 299, 1, ''),
(2137, 6, 300, 1, ''),
(2138, 6, 301, 1, ''),
(2139, 6, 302, 1, ''),
(2140, 6, 303, 1, ''),
(2141, 6, 304, 1, ''),
(2142, 6, 305, 1, ''),
(2143, 6, 306, 1, ''),
(2144, 6, 307, 1, ''),
(2145, 6, 308, 1, ''),
(2146, 6, 309, 1, ''),
(2147, 6, 310, 1, ''),
(2148, 6, 311, 1, ''),
(2149, 6, 312, 1, ''),
(2150, 6, 313, 1, ''),
(2151, 6, 314, 1, ''),
(2152, 6, 315, 1, ''),
(2153, 6, 316, 1, ''),
(2154, 6, 317, 1, ''),
(2155, 6, 318, 1, ''),
(2156, 6, 319, 1, ''),
(2157, 6, 320, 1, ''),
(2158, 6, 321, 1, ''),
(2159, 6, 322, 1, ''),
(2160, 6, 323, 1, ''),
(2161, 6, 324, 1, ''),
(2162, 6, 325, 1, ''),
(2163, 6, 326, 1, ''),
(2164, 6, 327, 1, ''),
(2165, 6, 328, 1, ''),
(2166, 6, 329, 1, ''),
(2167, 6, 330, 1, ''),
(2168, 6, 331, 1, ''),
(2169, 6, 332, 1, ''),
(2170, 6, 333, 1, ''),
(2171, 6, 334, 1, ''),
(2172, 6, 335, 1, ''),
(2173, 6, 336, 1, ''),
(2174, 6, 337, 1, ''),
(2175, 6, 338, 1, ''),
(2176, 6, 339, 1, ''),
(2177, 6, 340, 1, ''),
(2178, 6, 341, 1, ''),
(2179, 6, 342, 1, ''),
(2180, 6, 343, 1, ''),
(2181, 6, 344, 1, ''),
(2182, 6, 345, 1, ''),
(2183, 6, 346, 1, ''),
(2184, 6, 347, 1, ''),
(2185, 6, 348, 1, ''),
(2186, 6, 349, 1, ''),
(2187, 6, 350, 1, ''),
(2188, 6, 351, 1, ''),
(2189, 6, 352, 1, ''),
(2190, 6, 353, 1, ''),
(2191, 6, 354, 1, ''),
(2192, 6, 355, 1, ''),
(2193, 6, 356, 1, ''),
(2194, 6, 357, 1, ''),
(2195, 6, 358, 1, ''),
(2196, 6, 359, 1, ''),
(2197, 6, 360, 1, ''),
(2198, 6, 361, 1, ''),
(2199, 6, 362, 1, ''),
(2200, 6, 363, 1, ''),
(2201, 6, 364, 1, ''),
(2202, 6, 365, 1, ''),
(2203, 6, 366, 1, ''),
(2204, 6, 367, 1, ''),
(2205, 6, 368, 1, ''),
(2206, 6, 369, 1, ''),
(2207, 6, 370, 1, ''),
(2208, 6, 371, 1, ''),
(2209, 6, 372, 1, ''),
(2210, 6, 373, 1, ''),
(2211, 6, 374, 1, ''),
(2212, 6, 375, 1, ''),
(2213, 6, 376, 1, ''),
(2214, 6, 377, 1, ''),
(2215, 6, 378, 1, ''),
(2216, 6, 379, 1, ''),
(2217, 6, 380, 1, ''),
(2218, 6, 381, 1, ''),
(2219, 6, 382, 1, ''),
(2220, 6, 383, 1, ''),
(2221, 6, 384, 1, ''),
(2222, 6, 385, 1, ''),
(2223, 6, 386, 1, ''),
(2224, 6, 387, 1, ''),
(2225, 6, 388, 1, ''),
(2226, 6, 389, 1, ''),
(2227, 6, 390, 1, ''),
(2228, 6, 391, 1, ''),
(2229, 6, 392, 1, ''),
(2230, 6, 393, 1, ''),
(2231, 6, 394, 1, ''),
(2232, 6, 395, 1, ''),
(2233, 1, 396, 0, '');

-- --------------------------------------------------------

--
-- Table structure for table `user`
--

DROP TABLE IF EXISTS `user`;
CREATE TABLE IF NOT EXISTS `user` (
  `userID` int(10) NOT NULL AUTO_INCREMENT,
  `userName` varchar(100) NOT NULL,
  `password` varchar(20) NOT NULL,
  `admin` int(1) NOT NULL,
  `readonly` mediumtext NOT NULL,
  `writable` mediumtext NOT NULL,
  PRIMARY KEY (`userID`)
) ENGINE=InnoDB AUTO_INCREMENT=5 DEFAULT CHARSET=latin1;

--
-- Dumping data for table `user`
--

INSERT INTO `user` (`userID`, `userName`, `password`, `admin`, `readonly`, `writable`) VALUES
(1, 'admin', 'admin', 1, '[]', '[]'),
(3, 'peter', '12345', 0, '[\"Giraween\",\"Carousel\",\"MCQ\",\"WH1\",\"product\",\"crate\"]', '[\"WH2\"]'),
(4, 'user1', 'qqqqq', 0, '[\"Giraween\",\"Altone\",\"Carousel\",\"WH1\",\"WH2\",\"WH T&L\",\"product\"]', '[\"Carousel\",\"Cash & carry\",\"WH1\"]');

-- --------------------------------------------------------

--
-- Table structure for table `warehouse`
--

DROP TABLE IF EXISTS `warehouse`;
CREATE TABLE IF NOT EXISTS `warehouse` (
  `whID` int(11) NOT NULL AUTO_INCREMENT,
  `whName` varchar(100) NOT NULL,
  `productID` int(10) NOT NULL,
  `inputDate` date NOT NULL,
  `description` varchar(200) NOT NULL,
  PRIMARY KEY (`whID`)
) ENGINE=InnoDB AUTO_INCREMENT=26 DEFAULT CHARSET=latin1 COMMENT='Table kho hàng';

--
-- Dumping data for table `warehouse`
--

INSERT INTO `warehouse` (`whID`, `whName`, `productID`, `inputDate`, `description`) VALUES
(1, 'WH1', 0, '0000-00-00', ''),
(2, 'WH2', 0, '0000-00-00', ''),
(3, 'WH T&L', 0, '0000-00-00', '');

-- --------------------------------------------------------

--
-- Table structure for table `warehouse_product`
--

DROP TABLE IF EXISTS `warehouse_product`;
CREATE TABLE IF NOT EXISTS `warehouse_product` (
  `wh_pd_ID` int(10) NOT NULL AUTO_INCREMENT,
  `whID` int(10) NOT NULL,
  `productID` int(10) NOT NULL,
  `stockTake` int(10) NOT NULL,
  `outQuantity` int(10) NOT NULL,
  `inQuantity` int(10) NOT NULL,
  `total` int(10) NOT NULL,
  `date` date NOT NULL,
  `description` varchar(200) NOT NULL,
  PRIMARY KEY (`wh_pd_ID`)
) ENGINE=InnoDB AUTO_INCREMENT=1117 DEFAULT CHARSET=latin1;

--
-- Dumping data for table `warehouse_product`
--

INSERT INTO `warehouse_product` (`wh_pd_ID`, `whID`, `productID`, `stockTake`, `outQuantity`, `inQuantity`, `total`, `date`, `description`) VALUES
(1, 1, 24, 194, 45, 0, 149, '0000-00-00', ''),
(2, 1, 25, 202, 5, 0, 197, '0000-00-00', ''),
(3, 1, 26, 182, 0, 0, 182, '0000-00-00', ''),
(4, 1, 27, 198, 0, 0, 198, '0000-00-00', ''),
(5, 1, 28, 203, 1, 0, 202, '0000-00-00', ''),
(6, 1, 29, 200, 0, 0, 200, '0000-00-00', ''),
(7, 1, 30, 200, 0, 0, 200, '0000-00-00', ''),
(8, 1, 31, 200, 0, 0, 200, '0000-00-00', ''),
(9, 1, 32, 200, 0, 0, 200, '0000-00-00', ''),
(10, 1, 33, 200, 0, 0, 200, '0000-00-00', ''),
(11, 1, 34, 200, 0, 0, 200, '0000-00-00', ''),
(12, 1, 35, 200, 0, 0, 200, '0000-00-00', ''),
(13, 1, 36, 200, 0, 0, 200, '0000-00-00', ''),
(14, 1, 37, 200, 0, 0, 200, '0000-00-00', ''),
(15, 1, 38, 200, 0, 0, 200, '0000-00-00', ''),
(16, 1, 39, 200, 0, 0, 200, '0000-00-00', ''),
(17, 1, 40, 200, 0, 0, 200, '0000-00-00', ''),
(18, 1, 41, 200, 0, 0, 200, '0000-00-00', ''),
(19, 1, 42, 200, 0, 0, 200, '0000-00-00', ''),
(20, 1, 43, 200, 0, 0, 200, '0000-00-00', ''),
(21, 1, 44, 200, 0, 0, 200, '0000-00-00', ''),
(22, 1, 45, 200, 0, 0, 200, '0000-00-00', ''),
(23, 1, 46, 200, 0, 0, 200, '0000-00-00', ''),
(24, 1, 47, 200, 0, 0, 200, '0000-00-00', ''),
(25, 1, 48, 200, 0, 0, 200, '0000-00-00', ''),
(26, 1, 49, 200, 0, 0, 200, '0000-00-00', ''),
(27, 1, 50, 200, 0, 0, 200, '0000-00-00', ''),
(28, 1, 51, 200, 0, 0, 200, '0000-00-00', ''),
(29, 1, 52, 200, 0, 0, 200, '0000-00-00', ''),
(30, 1, 53, 200, 0, 0, 200, '0000-00-00', ''),
(31, 1, 54, 200, 0, 0, 200, '0000-00-00', ''),
(32, 1, 55, 200, 0, 0, 200, '0000-00-00', ''),
(33, 1, 56, 200, 0, 0, 200, '0000-00-00', ''),
(34, 1, 57, 200, 0, 0, 200, '0000-00-00', ''),
(35, 1, 58, 200, 0, 0, 200, '0000-00-00', ''),
(36, 1, 59, 200, 0, 0, 200, '0000-00-00', ''),
(37, 1, 60, 200, 0, 0, 200, '0000-00-00', ''),
(38, 1, 61, 200, 0, 0, 200, '0000-00-00', ''),
(39, 1, 62, 200, 0, 0, 200, '0000-00-00', ''),
(40, 1, 63, 200, 0, 0, 200, '0000-00-00', ''),
(41, 1, 64, 200, 0, 0, 200, '0000-00-00', ''),
(42, 1, 65, 200, 0, 0, 200, '0000-00-00', ''),
(43, 1, 66, 200, 0, 0, 200, '0000-00-00', ''),
(44, 1, 67, 200, 0, 0, 200, '0000-00-00', ''),
(45, 1, 68, 200, 0, 0, 200, '0000-00-00', ''),
(46, 1, 69, 200, 0, 0, 200, '0000-00-00', ''),
(47, 1, 70, 200, 0, 0, 200, '0000-00-00', ''),
(48, 1, 71, 200, 0, 0, 200, '0000-00-00', ''),
(49, 1, 72, 200, 0, 0, 200, '0000-00-00', ''),
(50, 1, 73, 200, 0, 0, 200, '0000-00-00', ''),
(51, 1, 74, 200, 0, 0, 200, '0000-00-00', ''),
(52, 1, 75, 200, 0, 0, 200, '0000-00-00', ''),
(53, 1, 76, 200, 0, 0, 200, '0000-00-00', ''),
(54, 1, 77, 200, 0, 0, 200, '0000-00-00', ''),
(55, 1, 78, 200, 0, 0, 200, '0000-00-00', ''),
(56, 1, 79, 200, 0, 0, 200, '0000-00-00', ''),
(57, 1, 80, 200, 0, 0, 200, '0000-00-00', ''),
(58, 1, 81, 200, 0, 0, 200, '0000-00-00', ''),
(59, 1, 82, 200, 0, 0, 200, '0000-00-00', ''),
(60, 1, 83, 200, 0, 0, 200, '0000-00-00', ''),
(61, 1, 84, 200, 0, 0, 200, '0000-00-00', ''),
(62, 1, 85, 200, 0, 0, 200, '0000-00-00', ''),
(63, 1, 86, 200, 0, 0, 200, '0000-00-00', ''),
(64, 1, 87, 200, 0, 0, 200, '0000-00-00', ''),
(65, 1, 88, 200, 0, 0, 200, '0000-00-00', ''),
(66, 1, 89, 200, 0, 0, 200, '0000-00-00', ''),
(67, 1, 90, 200, 0, 0, 200, '0000-00-00', ''),
(68, 1, 91, 200, 0, 0, 200, '0000-00-00', ''),
(69, 1, 92, 200, 0, 0, 200, '0000-00-00', ''),
(70, 1, 93, 200, 0, 0, 200, '0000-00-00', ''),
(71, 1, 94, 200, 0, 0, 200, '0000-00-00', ''),
(72, 1, 95, 200, 0, 0, 200, '0000-00-00', ''),
(73, 1, 96, 200, 0, 0, 200, '0000-00-00', ''),
(74, 1, 97, 200, 0, 0, 200, '0000-00-00', ''),
(75, 1, 98, 200, 0, 0, 200, '0000-00-00', ''),
(76, 1, 99, 200, 0, 0, 200, '0000-00-00', ''),
(77, 1, 100, 200, 0, 0, 200, '0000-00-00', ''),
(78, 1, 101, 200, 0, 0, 200, '0000-00-00', ''),
(79, 1, 102, 200, 0, 0, 200, '0000-00-00', ''),
(80, 1, 103, 200, 0, 0, 200, '0000-00-00', ''),
(81, 1, 104, 200, 0, 0, 200, '0000-00-00', ''),
(82, 1, 105, 200, 0, 0, 200, '0000-00-00', ''),
(83, 1, 106, 200, 0, 0, 200, '0000-00-00', ''),
(84, 1, 107, 200, 0, 0, 200, '0000-00-00', ''),
(85, 1, 108, 200, 0, 0, 200, '0000-00-00', ''),
(86, 1, 109, 200, 0, 0, 200, '0000-00-00', ''),
(87, 1, 110, 200, 0, 0, 200, '0000-00-00', ''),
(88, 1, 111, 200, 0, 0, 200, '0000-00-00', ''),
(89, 1, 112, 200, 0, 0, 200, '0000-00-00', ''),
(90, 1, 113, 200, 0, 0, 200, '0000-00-00', ''),
(91, 1, 114, 200, 0, 0, 200, '0000-00-00', ''),
(92, 1, 115, 200, 0, 0, 200, '0000-00-00', ''),
(93, 1, 116, 200, 0, 0, 200, '0000-00-00', ''),
(94, 1, 117, 200, 0, 0, 200, '0000-00-00', ''),
(95, 1, 118, 200, 0, 0, 200, '0000-00-00', ''),
(96, 1, 119, 200, 0, 0, 200, '0000-00-00', ''),
(97, 1, 120, 200, 0, 0, 200, '0000-00-00', ''),
(98, 1, 121, 200, 0, 0, 200, '0000-00-00', ''),
(99, 1, 122, 200, 0, 0, 200, '0000-00-00', ''),
(100, 1, 123, 200, 0, 0, 200, '0000-00-00', ''),
(101, 1, 124, 200, 0, 0, 200, '0000-00-00', ''),
(102, 1, 125, 200, 0, 0, 200, '0000-00-00', ''),
(103, 1, 126, 200, 0, 0, 200, '0000-00-00', ''),
(104, 1, 127, 200, 0, 0, 200, '0000-00-00', ''),
(105, 1, 128, 200, 0, 0, 200, '0000-00-00', ''),
(106, 1, 129, 200, 0, 0, 200, '0000-00-00', ''),
(107, 1, 130, 200, 0, 0, 200, '0000-00-00', ''),
(108, 1, 131, 200, 0, 0, 200, '0000-00-00', ''),
(109, 1, 132, 200, 0, 0, 200, '0000-00-00', ''),
(110, 1, 133, 200, 0, 0, 200, '0000-00-00', ''),
(111, 1, 134, 200, 0, 0, 200, '0000-00-00', ''),
(112, 1, 135, 200, 0, 0, 200, '0000-00-00', ''),
(113, 1, 136, 200, 0, 0, 200, '0000-00-00', ''),
(114, 1, 137, 200, 0, 0, 200, '0000-00-00', ''),
(115, 1, 138, 200, 0, 0, 200, '0000-00-00', ''),
(116, 1, 139, 200, 0, 0, 200, '0000-00-00', ''),
(117, 1, 140, 200, 0, 0, 200, '0000-00-00', ''),
(118, 1, 141, 200, 0, 0, 200, '0000-00-00', ''),
(119, 1, 142, 200, 0, 0, 200, '0000-00-00', ''),
(120, 1, 143, 200, 0, 0, 200, '0000-00-00', ''),
(121, 1, 144, 200, 0, 0, 200, '0000-00-00', ''),
(122, 1, 145, 200, 0, 0, 200, '0000-00-00', ''),
(123, 1, 146, 200, 0, 0, 200, '0000-00-00', ''),
(124, 1, 147, 200, 0, 0, 200, '0000-00-00', ''),
(125, 1, 148, 200, 0, 0, 200, '0000-00-00', ''),
(126, 1, 149, 200, 0, 0, 200, '0000-00-00', ''),
(127, 1, 150, 200, 0, 0, 200, '0000-00-00', ''),
(128, 1, 151, 200, 0, 0, 200, '0000-00-00', ''),
(129, 1, 152, 200, 0, 0, 200, '0000-00-00', ''),
(130, 1, 153, 200, 0, 0, 200, '0000-00-00', ''),
(131, 1, 154, 200, 0, 0, 200, '0000-00-00', ''),
(132, 1, 155, 200, 0, 0, 200, '0000-00-00', ''),
(133, 1, 156, 200, 0, 0, 200, '0000-00-00', ''),
(134, 1, 157, 200, 0, 0, 200, '0000-00-00', ''),
(135, 1, 158, 200, 0, 0, 200, '0000-00-00', ''),
(136, 1, 159, 200, 0, 0, 200, '0000-00-00', ''),
(137, 1, 160, 200, 0, 0, 200, '0000-00-00', ''),
(138, 1, 161, 200, 0, 0, 200, '0000-00-00', ''),
(139, 1, 162, 200, 0, 0, 200, '0000-00-00', ''),
(140, 1, 163, 200, 0, 0, 200, '0000-00-00', ''),
(141, 1, 164, 200, 0, 0, 200, '0000-00-00', ''),
(142, 1, 165, 200, 0, 0, 200, '0000-00-00', ''),
(143, 1, 166, 200, 0, 0, 200, '0000-00-00', ''),
(144, 1, 167, 200, 0, 0, 200, '0000-00-00', ''),
(145, 1, 168, 200, 0, 0, 200, '0000-00-00', ''),
(146, 1, 169, 200, 0, 0, 200, '0000-00-00', ''),
(147, 1, 170, 200, 0, 0, 200, '0000-00-00', ''),
(148, 1, 171, 200, 0, 0, 200, '0000-00-00', ''),
(149, 1, 172, 200, 0, 0, 200, '0000-00-00', ''),
(150, 1, 173, 200, 0, 0, 200, '0000-00-00', ''),
(151, 1, 174, 200, 0, 0, 200, '0000-00-00', ''),
(152, 1, 175, 200, 0, 0, 200, '0000-00-00', ''),
(153, 1, 176, 200, 0, 0, 200, '0000-00-00', ''),
(154, 1, 177, 200, 0, 0, 200, '0000-00-00', ''),
(155, 1, 178, 200, 0, 0, 200, '0000-00-00', ''),
(156, 1, 179, 200, 0, 0, 200, '0000-00-00', ''),
(157, 1, 180, 200, 0, 0, 200, '0000-00-00', ''),
(158, 1, 181, 200, 0, 0, 200, '0000-00-00', ''),
(159, 1, 182, 200, 0, 0, 200, '0000-00-00', ''),
(160, 1, 183, 200, 0, 0, 200, '0000-00-00', ''),
(161, 1, 184, 200, 0, 0, 200, '0000-00-00', ''),
(162, 1, 185, 200, 0, 0, 200, '0000-00-00', ''),
(163, 1, 186, 200, 0, 0, 200, '0000-00-00', ''),
(164, 1, 187, 200, 0, 0, 200, '0000-00-00', ''),
(165, 1, 188, 200, 0, 0, 200, '0000-00-00', ''),
(166, 1, 189, 200, 0, 0, 200, '0000-00-00', ''),
(167, 1, 190, 200, 0, 0, 200, '0000-00-00', ''),
(168, 1, 191, 200, 0, 0, 200, '0000-00-00', ''),
(169, 1, 192, 200, 0, 0, 200, '0000-00-00', ''),
(170, 1, 193, 200, 0, 0, 200, '0000-00-00', ''),
(171, 1, 194, 200, 0, 0, 200, '0000-00-00', ''),
(172, 1, 195, 200, 0, 0, 200, '0000-00-00', ''),
(173, 1, 196, 200, 0, 0, 200, '0000-00-00', ''),
(174, 1, 197, 200, 0, 0, 200, '0000-00-00', ''),
(175, 1, 198, 200, 0, 0, 200, '0000-00-00', ''),
(176, 1, 199, 200, 0, 0, 200, '0000-00-00', ''),
(177, 1, 200, 200, 0, 0, 200, '0000-00-00', ''),
(178, 1, 201, 200, 0, 0, 200, '0000-00-00', ''),
(179, 1, 202, 200, 0, 0, 200, '0000-00-00', ''),
(180, 1, 203, 200, 0, 0, 200, '0000-00-00', ''),
(181, 1, 204, 200, 0, 0, 200, '0000-00-00', ''),
(182, 1, 205, 200, 0, 0, 200, '0000-00-00', ''),
(183, 1, 206, 200, 0, 0, 200, '0000-00-00', ''),
(184, 1, 207, 200, 0, 0, 200, '0000-00-00', ''),
(185, 1, 208, 200, 0, 0, 200, '0000-00-00', ''),
(186, 1, 209, 200, 0, 0, 200, '0000-00-00', ''),
(187, 1, 210, 200, 0, 0, 200, '0000-00-00', ''),
(188, 1, 211, 200, 0, 0, 200, '0000-00-00', ''),
(189, 1, 212, 200, 0, 0, 200, '0000-00-00', ''),
(190, 1, 213, 200, 0, 0, 200, '0000-00-00', ''),
(191, 1, 214, 200, 0, 0, 200, '0000-00-00', ''),
(192, 1, 215, 200, 0, 0, 200, '0000-00-00', ''),
(193, 1, 216, 200, 0, 0, 200, '0000-00-00', ''),
(194, 1, 217, 200, 0, 0, 200, '0000-00-00', ''),
(195, 1, 218, 200, 0, 0, 200, '0000-00-00', ''),
(196, 1, 219, 200, 0, 0, 200, '0000-00-00', ''),
(197, 1, 220, 200, 0, 0, 200, '0000-00-00', ''),
(198, 1, 221, 200, 0, 0, 200, '0000-00-00', ''),
(199, 1, 222, 200, 0, 0, 200, '0000-00-00', ''),
(200, 1, 223, 200, 0, 0, 200, '0000-00-00', ''),
(201, 1, 224, 200, 0, 0, 200, '0000-00-00', ''),
(202, 1, 225, 200, 0, 0, 200, '0000-00-00', ''),
(203, 1, 226, 200, 0, 0, 200, '0000-00-00', ''),
(204, 1, 227, 200, 0, 0, 200, '0000-00-00', ''),
(205, 1, 228, 200, 0, 0, 200, '0000-00-00', ''),
(206, 1, 229, 200, 0, 0, 200, '0000-00-00', ''),
(207, 1, 230, 200, 0, 0, 200, '0000-00-00', ''),
(208, 1, 231, 200, 0, 0, 200, '0000-00-00', ''),
(209, 1, 232, 200, 0, 0, 200, '0000-00-00', ''),
(210, 1, 233, 200, 0, 0, 200, '0000-00-00', ''),
(211, 1, 234, 200, 0, 0, 200, '0000-00-00', ''),
(212, 1, 235, 200, 0, 0, 200, '0000-00-00', ''),
(213, 1, 236, 200, 0, 0, 200, '0000-00-00', ''),
(214, 1, 237, 200, 0, 0, 200, '0000-00-00', ''),
(215, 1, 238, 200, 0, 0, 200, '0000-00-00', ''),
(216, 1, 239, 200, 0, 0, 200, '0000-00-00', ''),
(217, 1, 240, 200, 0, 0, 200, '0000-00-00', ''),
(218, 1, 241, 200, 0, 0, 200, '0000-00-00', ''),
(219, 1, 242, 200, 0, 0, 200, '0000-00-00', ''),
(220, 1, 243, 200, 0, 0, 200, '0000-00-00', ''),
(221, 1, 244, 200, 0, 0, 200, '0000-00-00', ''),
(222, 1, 245, 200, 0, 0, 200, '0000-00-00', ''),
(223, 1, 246, 200, 0, 0, 200, '0000-00-00', ''),
(224, 1, 247, 200, 0, 0, 200, '0000-00-00', ''),
(225, 1, 248, 200, 0, 0, 200, '0000-00-00', ''),
(226, 1, 249, 200, 0, 0, 200, '0000-00-00', ''),
(227, 1, 250, 200, 0, 0, 200, '0000-00-00', ''),
(228, 1, 251, 200, 0, 0, 200, '0000-00-00', ''),
(229, 1, 252, 200, 0, 0, 200, '0000-00-00', ''),
(230, 1, 253, 200, 0, 0, 200, '0000-00-00', ''),
(231, 1, 254, 200, 0, 0, 200, '0000-00-00', ''),
(232, 1, 255, 200, 0, 0, 200, '0000-00-00', ''),
(233, 1, 256, 200, 0, 0, 200, '0000-00-00', ''),
(234, 1, 257, 200, 0, 0, 200, '0000-00-00', ''),
(235, 1, 258, 200, 0, 0, 200, '0000-00-00', ''),
(236, 1, 259, 200, 0, 0, 200, '0000-00-00', ''),
(237, 1, 260, 200, 0, 0, 200, '0000-00-00', ''),
(238, 1, 261, 200, 0, 0, 200, '0000-00-00', ''),
(239, 1, 262, 200, 0, 0, 200, '0000-00-00', ''),
(240, 1, 263, 200, 0, 0, 200, '0000-00-00', ''),
(241, 1, 264, 200, 0, 0, 200, '0000-00-00', ''),
(242, 1, 265, 200, 0, 0, 200, '0000-00-00', ''),
(243, 1, 266, 200, 0, 0, 200, '0000-00-00', ''),
(244, 1, 267, 200, 0, 0, 200, '0000-00-00', ''),
(245, 1, 268, 200, 0, 0, 200, '0000-00-00', ''),
(246, 1, 269, 200, 0, 0, 200, '0000-00-00', ''),
(247, 1, 270, 200, 0, 0, 200, '0000-00-00', ''),
(248, 1, 271, 200, 0, 0, 200, '0000-00-00', ''),
(249, 1, 272, 200, 0, 0, 200, '0000-00-00', ''),
(250, 1, 273, 200, 0, 0, 200, '0000-00-00', ''),
(251, 1, 274, 200, 0, 0, 200, '0000-00-00', ''),
(252, 1, 275, 200, 0, 0, 200, '0000-00-00', ''),
(253, 1, 276, 200, 0, 0, 200, '0000-00-00', ''),
(254, 1, 277, 200, 0, 0, 200, '0000-00-00', ''),
(255, 1, 278, 200, 0, 0, 200, '0000-00-00', ''),
(256, 1, 279, 200, 0, 0, 200, '0000-00-00', ''),
(257, 1, 280, 200, 0, 0, 200, '0000-00-00', ''),
(258, 1, 281, 200, 0, 0, 200, '0000-00-00', ''),
(259, 1, 282, 200, 0, 0, 200, '0000-00-00', ''),
(260, 1, 283, 200, 0, 0, 200, '0000-00-00', ''),
(261, 1, 284, 200, 0, 0, 200, '0000-00-00', ''),
(262, 1, 285, 200, 0, 0, 200, '0000-00-00', ''),
(263, 1, 286, 200, 0, 0, 200, '0000-00-00', ''),
(264, 1, 287, 200, 0, 0, 200, '0000-00-00', ''),
(265, 1, 288, 200, 0, 0, 200, '0000-00-00', ''),
(266, 1, 289, 200, 0, 0, 200, '0000-00-00', ''),
(267, 1, 290, 200, 0, 0, 200, '0000-00-00', ''),
(268, 1, 291, 200, 0, 0, 200, '0000-00-00', ''),
(269, 1, 292, 200, 0, 0, 200, '0000-00-00', ''),
(270, 1, 293, 200, 0, 0, 200, '0000-00-00', ''),
(271, 1, 294, 200, 0, 0, 200, '0000-00-00', ''),
(272, 1, 295, 200, 0, 0, 200, '0000-00-00', ''),
(273, 1, 296, 200, 0, 0, 200, '0000-00-00', ''),
(274, 1, 297, 200, 0, 0, 200, '0000-00-00', ''),
(275, 1, 298, 200, 0, 0, 200, '0000-00-00', ''),
(276, 1, 299, 200, 0, 0, 200, '0000-00-00', ''),
(277, 1, 300, 200, 0, 0, 200, '0000-00-00', ''),
(278, 1, 301, 200, 0, 0, 200, '0000-00-00', ''),
(279, 1, 302, 200, 0, 0, 200, '0000-00-00', ''),
(280, 1, 303, 200, 0, 0, 200, '0000-00-00', ''),
(281, 1, 304, 200, 0, 0, 200, '0000-00-00', ''),
(282, 1, 305, 200, 0, 0, 200, '0000-00-00', ''),
(283, 1, 306, 200, 0, 0, 200, '0000-00-00', ''),
(284, 1, 307, 200, 0, 0, 200, '0000-00-00', ''),
(285, 1, 308, 200, 0, 0, 200, '0000-00-00', ''),
(286, 1, 309, 200, 0, 0, 200, '0000-00-00', ''),
(287, 1, 310, 200, 0, 0, 200, '0000-00-00', ''),
(288, 1, 311, 200, 0, 0, 200, '0000-00-00', ''),
(289, 1, 312, 200, 0, 0, 200, '0000-00-00', ''),
(290, 1, 313, 200, 0, 0, 200, '0000-00-00', ''),
(291, 1, 314, 200, 0, 0, 200, '0000-00-00', ''),
(292, 1, 315, 200, 0, 0, 200, '0000-00-00', ''),
(293, 1, 316, 200, 0, 0, 200, '0000-00-00', ''),
(294, 1, 317, 200, 0, 0, 200, '0000-00-00', ''),
(295, 1, 318, 200, 0, 0, 200, '0000-00-00', ''),
(296, 1, 319, 200, 0, 0, 200, '0000-00-00', ''),
(297, 1, 320, 200, 0, 0, 200, '0000-00-00', ''),
(298, 1, 321, 200, 0, 0, 200, '0000-00-00', ''),
(299, 1, 322, 200, 0, 0, 200, '0000-00-00', ''),
(300, 1, 323, 200, 0, 0, 200, '0000-00-00', ''),
(301, 1, 324, 200, 0, 0, 200, '0000-00-00', ''),
(302, 1, 325, 200, 0, 0, 200, '0000-00-00', ''),
(303, 1, 326, 200, 0, 0, 200, '0000-00-00', ''),
(304, 1, 327, 200, 0, 0, 200, '0000-00-00', ''),
(305, 1, 328, 200, 0, 0, 200, '0000-00-00', ''),
(306, 1, 329, 200, 0, 0, 200, '0000-00-00', ''),
(307, 1, 330, 200, 0, 0, 200, '0000-00-00', ''),
(308, 1, 331, 200, 0, 0, 200, '0000-00-00', ''),
(309, 1, 332, 200, 0, 0, 200, '0000-00-00', ''),
(310, 1, 333, 200, 0, 0, 200, '0000-00-00', ''),
(311, 1, 334, 200, 0, 0, 200, '0000-00-00', ''),
(312, 1, 335, 200, 0, 0, 200, '0000-00-00', ''),
(313, 1, 336, 200, 0, 0, 200, '0000-00-00', ''),
(314, 1, 337, 200, 0, 0, 200, '0000-00-00', ''),
(315, 1, 338, 200, 0, 0, 200, '0000-00-00', ''),
(316, 1, 339, 200, 0, 0, 200, '0000-00-00', ''),
(317, 1, 340, 200, 0, 0, 200, '0000-00-00', ''),
(318, 1, 341, 200, 0, 0, 200, '0000-00-00', ''),
(319, 1, 342, 200, 0, 0, 200, '0000-00-00', ''),
(320, 1, 343, 200, 0, 0, 200, '0000-00-00', ''),
(321, 1, 344, 200, 0, 0, 200, '0000-00-00', ''),
(322, 1, 345, 200, 0, 0, 200, '0000-00-00', ''),
(323, 1, 346, 200, 0, 0, 200, '0000-00-00', ''),
(324, 1, 347, 200, 0, 0, 200, '0000-00-00', ''),
(325, 1, 348, 200, 0, 0, 200, '0000-00-00', ''),
(326, 1, 349, 200, 0, 0, 200, '0000-00-00', ''),
(327, 1, 350, 200, 0, 0, 200, '0000-00-00', ''),
(328, 1, 351, 200, 0, 0, 200, '0000-00-00', ''),
(329, 1, 352, 200, 0, 0, 200, '0000-00-00', ''),
(330, 1, 353, 200, 0, 0, 200, '0000-00-00', ''),
(331, 1, 354, 200, 0, 0, 200, '0000-00-00', ''),
(332, 1, 355, 200, 0, 0, 200, '0000-00-00', ''),
(333, 1, 356, 200, 0, 0, 200, '0000-00-00', ''),
(334, 1, 357, 200, 0, 0, 200, '0000-00-00', ''),
(335, 1, 358, 200, 0, 0, 200, '0000-00-00', ''),
(336, 1, 359, 200, 0, 0, 200, '0000-00-00', ''),
(337, 1, 360, 200, 0, 0, 200, '0000-00-00', ''),
(338, 1, 361, 200, 0, 0, 200, '0000-00-00', ''),
(339, 1, 362, 200, 0, 0, 200, '0000-00-00', ''),
(340, 1, 363, 200, 0, 0, 200, '0000-00-00', ''),
(341, 1, 364, 200, 0, 0, 200, '0000-00-00', ''),
(342, 1, 365, 200, 0, 0, 200, '0000-00-00', ''),
(343, 1, 366, 200, 0, 0, 200, '0000-00-00', ''),
(344, 1, 367, 200, 0, 0, 200, '0000-00-00', ''),
(345, 1, 368, 200, 0, 0, 200, '0000-00-00', ''),
(346, 1, 369, 200, 0, 0, 200, '0000-00-00', ''),
(347, 1, 370, 200, 0, 0, 200, '0000-00-00', ''),
(348, 1, 371, 200, 0, 0, 200, '0000-00-00', ''),
(349, 1, 372, 200, 0, 0, 200, '0000-00-00', ''),
(350, 1, 373, 200, 0, 0, 200, '0000-00-00', ''),
(351, 1, 374, 200, 0, 0, 200, '0000-00-00', ''),
(352, 1, 375, 200, 0, 0, 200, '0000-00-00', ''),
(353, 1, 376, 200, 0, 0, 200, '0000-00-00', ''),
(354, 1, 377, 200, 0, 0, 200, '0000-00-00', ''),
(355, 1, 378, 200, 0, 0, 200, '0000-00-00', ''),
(356, 1, 379, 200, 0, 0, 200, '0000-00-00', ''),
(357, 1, 380, 200, 0, 0, 200, '0000-00-00', ''),
(358, 1, 381, 200, 0, 0, 200, '0000-00-00', ''),
(359, 1, 382, 200, 0, 0, 200, '0000-00-00', ''),
(360, 1, 383, 200, 0, 0, 200, '0000-00-00', ''),
(361, 1, 384, 200, 0, 0, 200, '0000-00-00', ''),
(362, 1, 385, 200, 0, 0, 200, '0000-00-00', ''),
(363, 1, 386, 200, 0, 0, 200, '0000-00-00', ''),
(364, 1, 387, 200, 0, 0, 200, '0000-00-00', ''),
(365, 1, 388, 200, 0, 0, 200, '0000-00-00', ''),
(366, 1, 389, 200, 0, 0, 200, '0000-00-00', ''),
(367, 1, 390, 200, 0, 0, 200, '0000-00-00', ''),
(368, 1, 391, 200, 0, 0, 200, '0000-00-00', ''),
(369, 1, 392, 200, 0, 0, 200, '0000-00-00', ''),
(370, 1, 393, 200, 0, 0, 200, '0000-00-00', ''),
(371, 1, 394, 200, 0, 0, 200, '0000-00-00', ''),
(372, 1, 395, 200, 0, 0, 200, '0000-00-00', ''),
(373, 2, 24, 200, -40, 0, 240, '0000-00-00', ''),
(374, 2, 25, 200, 0, 0, 200, '0000-00-00', ''),
(375, 2, 26, 200, 0, 0, 200, '0000-00-00', ''),
(376, 2, 27, 200, 2, 0, 198, '0000-00-00', ''),
(377, 2, 28, 200, 0, 0, 200, '0000-00-00', ''),
(378, 2, 29, 200, 0, 0, 200, '0000-00-00', ''),
(379, 2, 30, 200, 0, 0, 200, '0000-00-00', ''),
(380, 2, 31, 200, 0, 0, 200, '0000-00-00', ''),
(381, 2, 32, 200, 0, 0, 200, '0000-00-00', ''),
(382, 2, 33, 200, 0, 0, 200, '0000-00-00', ''),
(383, 2, 34, 200, 0, 0, 200, '0000-00-00', ''),
(384, 2, 35, 200, 0, 0, 200, '0000-00-00', ''),
(385, 2, 36, 200, 0, 0, 200, '0000-00-00', ''),
(386, 2, 37, 200, 0, 0, 200, '0000-00-00', ''),
(387, 2, 38, 200, 0, 0, 200, '0000-00-00', ''),
(388, 2, 39, 200, 0, 0, 200, '0000-00-00', ''),
(389, 2, 40, 200, 0, 0, 200, '0000-00-00', ''),
(390, 2, 41, 200, 0, 0, 200, '0000-00-00', ''),
(391, 2, 42, 200, 0, 0, 200, '0000-00-00', ''),
(392, 2, 43, 200, 0, 0, 200, '0000-00-00', ''),
(393, 2, 44, 200, 0, 0, 200, '0000-00-00', ''),
(394, 2, 45, 200, 0, 0, 200, '0000-00-00', ''),
(395, 2, 46, 200, 0, 0, 200, '0000-00-00', ''),
(396, 2, 47, 200, 0, 0, 200, '0000-00-00', ''),
(397, 2, 48, 200, 0, 0, 200, '0000-00-00', ''),
(398, 2, 49, 200, 0, 0, 200, '0000-00-00', ''),
(399, 2, 50, 200, 0, 0, 200, '0000-00-00', ''),
(400, 2, 51, 200, 0, 0, 200, '0000-00-00', ''),
(401, 2, 52, 200, 0, 0, 200, '0000-00-00', ''),
(402, 2, 53, 200, 0, 0, 200, '0000-00-00', ''),
(403, 2, 54, 200, 0, 0, 200, '0000-00-00', ''),
(404, 2, 55, 200, 0, 0, 200, '0000-00-00', ''),
(405, 2, 56, 200, 0, 0, 200, '0000-00-00', ''),
(406, 2, 57, 200, 0, 0, 200, '0000-00-00', ''),
(407, 2, 58, 200, 0, 0, 200, '0000-00-00', ''),
(408, 2, 59, 200, 0, 0, 200, '0000-00-00', ''),
(409, 2, 60, 200, 0, 0, 200, '0000-00-00', ''),
(410, 2, 61, 200, 0, 0, 200, '0000-00-00', ''),
(411, 2, 62, 200, 0, 0, 200, '0000-00-00', ''),
(412, 2, 63, 200, 0, 0, 200, '0000-00-00', ''),
(413, 2, 64, 200, 0, 0, 200, '0000-00-00', ''),
(414, 2, 65, 200, 0, 0, 200, '0000-00-00', ''),
(415, 2, 66, 200, 0, 0, 200, '0000-00-00', ''),
(416, 2, 67, 200, 0, 0, 200, '0000-00-00', ''),
(417, 2, 68, 200, 0, 0, 200, '0000-00-00', ''),
(418, 2, 69, 200, 0, 0, 200, '0000-00-00', ''),
(419, 2, 70, 200, 0, 0, 200, '0000-00-00', ''),
(420, 2, 71, 200, 0, 0, 200, '0000-00-00', ''),
(421, 2, 72, 200, 0, 0, 200, '0000-00-00', ''),
(422, 2, 73, 200, 0, 0, 200, '0000-00-00', ''),
(423, 2, 74, 200, 0, 0, 200, '0000-00-00', ''),
(424, 2, 75, 200, 0, 0, 200, '0000-00-00', ''),
(425, 2, 76, 200, 0, 0, 200, '0000-00-00', ''),
(426, 2, 77, 200, 0, 0, 200, '0000-00-00', ''),
(427, 2, 78, 200, 0, 0, 200, '0000-00-00', ''),
(428, 2, 79, 200, 0, 0, 200, '0000-00-00', ''),
(429, 2, 80, 200, 0, 0, 200, '0000-00-00', ''),
(430, 2, 81, 200, 0, 0, 200, '0000-00-00', ''),
(431, 2, 82, 200, 0, 0, 200, '0000-00-00', ''),
(432, 2, 83, 200, 0, 0, 200, '0000-00-00', ''),
(433, 2, 84, 200, 0, 0, 200, '0000-00-00', ''),
(434, 2, 85, 200, 0, 0, 200, '0000-00-00', ''),
(435, 2, 86, 200, 0, 0, 200, '0000-00-00', ''),
(436, 2, 87, 200, 0, 0, 200, '0000-00-00', ''),
(437, 2, 88, 200, 0, 0, 200, '0000-00-00', ''),
(438, 2, 89, 200, 0, 0, 200, '0000-00-00', ''),
(439, 2, 90, 200, 0, 0, 200, '0000-00-00', ''),
(440, 2, 91, 200, 0, 0, 200, '0000-00-00', ''),
(441, 2, 92, 200, 0, 0, 200, '0000-00-00', ''),
(442, 2, 93, 200, 0, 0, 200, '0000-00-00', ''),
(443, 2, 94, 200, 0, 0, 200, '0000-00-00', ''),
(444, 2, 95, 200, 0, 0, 200, '0000-00-00', ''),
(445, 2, 96, 200, 0, 0, 200, '0000-00-00', ''),
(446, 2, 97, 200, 0, 0, 200, '0000-00-00', ''),
(447, 2, 98, 200, 0, 0, 200, '0000-00-00', ''),
(448, 2, 99, 200, 0, 0, 200, '0000-00-00', ''),
(449, 2, 100, 200, 0, 0, 200, '0000-00-00', ''),
(450, 2, 101, 200, 0, 0, 200, '0000-00-00', ''),
(451, 2, 102, 200, 0, 0, 200, '0000-00-00', ''),
(452, 2, 103, 200, 0, 0, 200, '0000-00-00', ''),
(453, 2, 104, 200, 0, 0, 200, '0000-00-00', ''),
(454, 2, 105, 200, 0, 0, 200, '0000-00-00', ''),
(455, 2, 106, 200, 0, 0, 200, '0000-00-00', ''),
(456, 2, 107, 200, 0, 0, 200, '0000-00-00', ''),
(457, 2, 108, 200, 0, 0, 200, '0000-00-00', ''),
(458, 2, 109, 200, 0, 0, 200, '0000-00-00', ''),
(459, 2, 110, 200, 0, 0, 200, '0000-00-00', ''),
(460, 2, 111, 200, 0, 0, 200, '0000-00-00', ''),
(461, 2, 112, 200, 0, 0, 200, '0000-00-00', ''),
(462, 2, 113, 200, 0, 0, 200, '0000-00-00', ''),
(463, 2, 114, 200, 0, 0, 200, '0000-00-00', ''),
(464, 2, 115, 200, 0, 0, 200, '0000-00-00', ''),
(465, 2, 116, 200, 0, 0, 200, '0000-00-00', ''),
(466, 2, 117, 200, 0, 0, 200, '0000-00-00', ''),
(467, 2, 118, 200, 0, 0, 200, '0000-00-00', ''),
(468, 2, 119, 200, 0, 0, 200, '0000-00-00', ''),
(469, 2, 120, 200, 0, 0, 200, '0000-00-00', ''),
(470, 2, 121, 200, 0, 0, 200, '0000-00-00', ''),
(471, 2, 122, 200, 0, 0, 200, '0000-00-00', ''),
(472, 2, 123, 200, 0, 0, 200, '0000-00-00', ''),
(473, 2, 124, 200, 0, 0, 200, '0000-00-00', ''),
(474, 2, 125, 200, 0, 0, 200, '0000-00-00', ''),
(475, 2, 126, 200, 0, 0, 200, '0000-00-00', ''),
(476, 2, 127, 200, 0, 0, 200, '0000-00-00', ''),
(477, 2, 128, 200, 0, 0, 200, '0000-00-00', ''),
(478, 2, 129, 200, 0, 0, 200, '0000-00-00', ''),
(479, 2, 130, 200, 0, 0, 200, '0000-00-00', ''),
(480, 2, 131, 200, 0, 0, 200, '0000-00-00', ''),
(481, 2, 132, 200, 0, 0, 200, '0000-00-00', ''),
(482, 2, 133, 200, 0, 0, 200, '0000-00-00', ''),
(483, 2, 134, 200, 0, 0, 200, '0000-00-00', ''),
(484, 2, 135, 200, 0, 0, 200, '0000-00-00', ''),
(485, 2, 136, 200, 0, 0, 200, '0000-00-00', ''),
(486, 2, 137, 200, 0, 0, 200, '0000-00-00', ''),
(487, 2, 138, 200, 0, 0, 200, '0000-00-00', ''),
(488, 2, 139, 200, 0, 0, 200, '0000-00-00', ''),
(489, 2, 140, 200, 0, 0, 200, '0000-00-00', ''),
(490, 2, 141, 200, 0, 0, 200, '0000-00-00', ''),
(491, 2, 142, 200, 0, 0, 200, '0000-00-00', ''),
(492, 2, 143, 200, 0, 0, 200, '0000-00-00', ''),
(493, 2, 144, 200, 0, 0, 200, '0000-00-00', ''),
(494, 2, 145, 200, 0, 0, 200, '0000-00-00', ''),
(495, 2, 146, 200, 0, 0, 200, '0000-00-00', ''),
(496, 2, 147, 200, 0, 0, 200, '0000-00-00', ''),
(497, 2, 148, 200, 0, 0, 200, '0000-00-00', ''),
(498, 2, 149, 200, 0, 0, 200, '0000-00-00', ''),
(499, 2, 150, 200, 0, 0, 200, '0000-00-00', ''),
(500, 2, 151, 200, 0, 0, 200, '0000-00-00', ''),
(501, 2, 152, 200, 0, 0, 200, '0000-00-00', ''),
(502, 2, 153, 200, 0, 0, 200, '0000-00-00', ''),
(503, 2, 154, 200, 0, 0, 200, '0000-00-00', ''),
(504, 2, 155, 200, 0, 0, 200, '0000-00-00', ''),
(505, 2, 156, 200, 0, 0, 200, '0000-00-00', ''),
(506, 2, 157, 200, 0, 0, 200, '0000-00-00', ''),
(507, 2, 158, 200, 0, 0, 200, '0000-00-00', ''),
(508, 2, 159, 200, 0, 0, 200, '0000-00-00', ''),
(509, 2, 160, 200, 0, 0, 200, '0000-00-00', ''),
(510, 2, 161, 200, 0, 0, 200, '0000-00-00', ''),
(511, 2, 162, 200, 0, 0, 200, '0000-00-00', ''),
(512, 2, 163, 200, 0, 0, 200, '0000-00-00', ''),
(513, 2, 164, 200, 0, 0, 200, '0000-00-00', ''),
(514, 2, 165, 200, 0, 0, 200, '0000-00-00', ''),
(515, 2, 166, 200, 0, 0, 200, '0000-00-00', ''),
(516, 2, 167, 200, 0, 0, 200, '0000-00-00', ''),
(517, 2, 168, 200, 0, 0, 200, '0000-00-00', ''),
(518, 2, 169, 200, 0, 0, 200, '0000-00-00', ''),
(519, 2, 170, 200, 0, 0, 200, '0000-00-00', ''),
(520, 2, 171, 200, 0, 0, 200, '0000-00-00', ''),
(521, 2, 172, 200, 0, 0, 200, '0000-00-00', ''),
(522, 2, 173, 200, 0, 0, 200, '0000-00-00', ''),
(523, 2, 174, 200, 0, 0, 200, '0000-00-00', ''),
(524, 2, 175, 200, 0, 0, 200, '0000-00-00', ''),
(525, 2, 176, 200, 0, 0, 200, '0000-00-00', ''),
(526, 2, 177, 200, 0, 0, 200, '0000-00-00', ''),
(527, 2, 178, 200, 0, 0, 200, '0000-00-00', ''),
(528, 2, 179, 200, 0, 0, 200, '0000-00-00', ''),
(529, 2, 180, 200, 0, 0, 200, '0000-00-00', ''),
(530, 2, 181, 200, 0, 0, 200, '0000-00-00', ''),
(531, 2, 182, 200, 0, 0, 200, '0000-00-00', ''),
(532, 2, 183, 200, 0, 0, 200, '0000-00-00', ''),
(533, 2, 184, 200, 0, 0, 200, '0000-00-00', ''),
(534, 2, 185, 200, 0, 0, 200, '0000-00-00', ''),
(535, 2, 186, 200, 0, 0, 200, '0000-00-00', ''),
(536, 2, 187, 200, 0, 0, 200, '0000-00-00', ''),
(537, 2, 188, 200, 0, 0, 200, '0000-00-00', ''),
(538, 2, 189, 200, 0, 0, 200, '0000-00-00', ''),
(539, 2, 190, 200, 0, 0, 200, '0000-00-00', ''),
(540, 2, 191, 200, 0, 0, 200, '0000-00-00', ''),
(541, 2, 192, 200, 0, 0, 200, '0000-00-00', ''),
(542, 2, 193, 200, 0, 0, 200, '0000-00-00', ''),
(543, 2, 194, 200, 0, 0, 200, '0000-00-00', ''),
(544, 2, 195, 200, 0, 0, 200, '0000-00-00', ''),
(545, 2, 196, 200, 0, 0, 200, '0000-00-00', ''),
(546, 2, 197, 200, 0, 0, 200, '0000-00-00', ''),
(547, 2, 198, 200, 0, 0, 200, '0000-00-00', ''),
(548, 2, 199, 200, 0, 0, 200, '0000-00-00', ''),
(549, 2, 200, 200, 0, 0, 200, '0000-00-00', ''),
(550, 2, 201, 200, 0, 0, 200, '0000-00-00', ''),
(551, 2, 202, 200, 0, 0, 200, '0000-00-00', ''),
(552, 2, 203, 200, 0, 0, 200, '0000-00-00', ''),
(553, 2, 204, 200, 0, 0, 200, '0000-00-00', ''),
(554, 2, 205, 200, 0, 0, 200, '0000-00-00', ''),
(555, 2, 206, 200, 0, 0, 200, '0000-00-00', ''),
(556, 2, 207, 200, 0, 0, 200, '0000-00-00', ''),
(557, 2, 208, 200, 0, 0, 200, '0000-00-00', ''),
(558, 2, 209, 200, 0, 0, 200, '0000-00-00', ''),
(559, 2, 210, 200, 0, 0, 200, '0000-00-00', ''),
(560, 2, 211, 200, 0, 0, 200, '0000-00-00', ''),
(561, 2, 212, 200, 0, 0, 200, '0000-00-00', ''),
(562, 2, 213, 200, 0, 0, 200, '0000-00-00', ''),
(563, 2, 214, 200, 0, 0, 200, '0000-00-00', ''),
(564, 2, 215, 200, 0, 0, 200, '0000-00-00', ''),
(565, 2, 216, 200, 0, 0, 200, '0000-00-00', ''),
(566, 2, 217, 200, 0, 0, 200, '0000-00-00', ''),
(567, 2, 218, 200, 0, 0, 200, '0000-00-00', ''),
(568, 2, 219, 200, 0, 0, 200, '0000-00-00', ''),
(569, 2, 220, 200, 0, 0, 200, '0000-00-00', ''),
(570, 2, 221, 200, 0, 0, 200, '0000-00-00', ''),
(571, 2, 222, 200, 0, 0, 200, '0000-00-00', ''),
(572, 2, 223, 200, 0, 0, 200, '0000-00-00', ''),
(573, 2, 224, 200, 0, 0, 200, '0000-00-00', ''),
(574, 2, 225, 200, 0, 0, 200, '0000-00-00', ''),
(575, 2, 226, 200, 0, 0, 200, '0000-00-00', ''),
(576, 2, 227, 200, 0, 0, 200, '0000-00-00', ''),
(577, 2, 228, 200, 0, 0, 200, '0000-00-00', ''),
(578, 2, 229, 200, 0, 0, 200, '0000-00-00', ''),
(579, 2, 230, 200, 0, 0, 200, '0000-00-00', ''),
(580, 2, 231, 200, 0, 0, 200, '0000-00-00', ''),
(581, 2, 232, 200, 0, 0, 200, '0000-00-00', ''),
(582, 2, 233, 200, 0, 0, 200, '0000-00-00', ''),
(583, 2, 234, 200, 0, 0, 200, '0000-00-00', ''),
(584, 2, 235, 200, 0, 0, 200, '0000-00-00', ''),
(585, 2, 236, 200, 0, 0, 200, '0000-00-00', ''),
(586, 2, 237, 200, 0, 0, 200, '0000-00-00', ''),
(587, 2, 238, 200, 0, 0, 200, '0000-00-00', ''),
(588, 2, 239, 200, 0, 0, 200, '0000-00-00', ''),
(589, 2, 240, 200, 0, 0, 200, '0000-00-00', ''),
(590, 2, 241, 200, 0, 0, 200, '0000-00-00', ''),
(591, 2, 242, 200, 0, 0, 200, '0000-00-00', ''),
(592, 2, 243, 200, 0, 0, 200, '0000-00-00', ''),
(593, 2, 244, 200, 0, 0, 200, '0000-00-00', ''),
(594, 2, 245, 200, 0, 0, 200, '0000-00-00', ''),
(595, 2, 246, 200, 0, 0, 200, '0000-00-00', ''),
(596, 2, 247, 200, 0, 0, 200, '0000-00-00', ''),
(597, 2, 248, 200, 0, 0, 200, '0000-00-00', ''),
(598, 2, 249, 200, 0, 0, 200, '0000-00-00', ''),
(599, 2, 250, 200, 0, 0, 200, '0000-00-00', ''),
(600, 2, 251, 200, 0, 0, 200, '0000-00-00', ''),
(601, 2, 252, 200, 0, 0, 200, '0000-00-00', ''),
(602, 2, 253, 200, 0, 0, 200, '0000-00-00', ''),
(603, 2, 254, 200, 0, 0, 200, '0000-00-00', ''),
(604, 2, 255, 200, 0, 0, 200, '0000-00-00', ''),
(605, 2, 256, 200, 0, 0, 200, '0000-00-00', ''),
(606, 2, 257, 200, 0, 0, 200, '0000-00-00', ''),
(607, 2, 258, 200, 0, 0, 200, '0000-00-00', ''),
(608, 2, 259, 200, 0, 0, 200, '0000-00-00', ''),
(609, 2, 260, 200, 0, 0, 200, '0000-00-00', ''),
(610, 2, 261, 200, 0, 0, 200, '0000-00-00', ''),
(611, 2, 262, 200, 0, 0, 200, '0000-00-00', ''),
(612, 2, 263, 200, 0, 0, 200, '0000-00-00', ''),
(613, 2, 264, 200, 0, 0, 200, '0000-00-00', ''),
(614, 2, 265, 200, 0, 0, 200, '0000-00-00', ''),
(615, 2, 266, 200, 0, 0, 200, '0000-00-00', ''),
(616, 2, 267, 200, 0, 0, 200, '0000-00-00', ''),
(617, 2, 268, 200, 0, 0, 200, '0000-00-00', ''),
(618, 2, 269, 200, 0, 0, 200, '0000-00-00', ''),
(619, 2, 270, 200, 0, 0, 200, '0000-00-00', ''),
(620, 2, 271, 200, 0, 0, 200, '0000-00-00', ''),
(621, 2, 272, 200, 0, 0, 200, '0000-00-00', ''),
(622, 2, 273, 200, 0, 0, 200, '0000-00-00', ''),
(623, 2, 274, 200, 0, 0, 200, '0000-00-00', ''),
(624, 2, 275, 200, 0, 0, 200, '0000-00-00', ''),
(625, 2, 276, 200, 0, 0, 200, '0000-00-00', ''),
(626, 2, 277, 200, 0, 0, 200, '0000-00-00', ''),
(627, 2, 278, 200, 0, 0, 200, '0000-00-00', ''),
(628, 2, 279, 200, 0, 0, 200, '0000-00-00', ''),
(629, 2, 280, 200, 0, 0, 200, '0000-00-00', ''),
(630, 2, 281, 200, 0, 0, 200, '0000-00-00', ''),
(631, 2, 282, 200, 0, 0, 200, '0000-00-00', ''),
(632, 2, 283, 200, 0, 0, 200, '0000-00-00', ''),
(633, 2, 284, 200, 0, 0, 200, '0000-00-00', ''),
(634, 2, 285, 200, 0, 0, 200, '0000-00-00', ''),
(635, 2, 286, 200, 0, 0, 200, '0000-00-00', ''),
(636, 2, 287, 200, 0, 0, 200, '0000-00-00', ''),
(637, 2, 288, 200, 0, 0, 200, '0000-00-00', ''),
(638, 2, 289, 200, 0, 0, 200, '0000-00-00', ''),
(639, 2, 290, 200, 0, 0, 200, '0000-00-00', ''),
(640, 2, 291, 200, 0, 0, 200, '0000-00-00', ''),
(641, 2, 292, 200, 0, 0, 200, '0000-00-00', ''),
(642, 2, 293, 200, 0, 0, 200, '0000-00-00', ''),
(643, 2, 294, 200, 0, 0, 200, '0000-00-00', ''),
(644, 2, 295, 200, 0, 0, 200, '0000-00-00', ''),
(645, 2, 296, 200, 0, 0, 200, '0000-00-00', ''),
(646, 2, 297, 200, 0, 0, 200, '0000-00-00', ''),
(647, 2, 298, 200, 0, 0, 200, '0000-00-00', ''),
(648, 2, 299, 200, 0, 0, 200, '0000-00-00', ''),
(649, 2, 300, 200, 0, 0, 200, '0000-00-00', ''),
(650, 2, 301, 200, 0, 0, 200, '0000-00-00', ''),
(651, 2, 302, 200, 0, 0, 200, '0000-00-00', ''),
(652, 2, 303, 200, 0, 0, 200, '0000-00-00', ''),
(653, 2, 304, 200, 0, 0, 200, '0000-00-00', ''),
(654, 2, 305, 200, 0, 0, 200, '0000-00-00', ''),
(655, 2, 306, 200, 0, 0, 200, '0000-00-00', ''),
(656, 2, 307, 200, 0, 0, 200, '0000-00-00', ''),
(657, 2, 308, 200, 0, 0, 200, '0000-00-00', ''),
(658, 2, 309, 200, 0, 0, 200, '0000-00-00', ''),
(659, 2, 310, 200, 0, 0, 200, '0000-00-00', ''),
(660, 2, 311, 200, 0, 0, 200, '0000-00-00', ''),
(661, 2, 312, 200, 0, 0, 200, '0000-00-00', ''),
(662, 2, 313, 200, 0, 0, 200, '0000-00-00', ''),
(663, 2, 314, 200, 0, 0, 200, '0000-00-00', ''),
(664, 2, 315, 200, 0, 0, 200, '0000-00-00', ''),
(665, 2, 316, 200, 0, 0, 200, '0000-00-00', ''),
(666, 2, 317, 200, 0, 0, 200, '0000-00-00', ''),
(667, 2, 318, 200, 0, 0, 200, '0000-00-00', ''),
(668, 2, 319, 200, 0, 0, 200, '0000-00-00', ''),
(669, 2, 320, 200, 0, 0, 200, '0000-00-00', ''),
(670, 2, 321, 200, 0, 0, 200, '0000-00-00', ''),
(671, 2, 322, 200, 0, 0, 200, '0000-00-00', ''),
(672, 2, 323, 200, 0, 0, 200, '0000-00-00', ''),
(673, 2, 324, 200, 0, 0, 200, '0000-00-00', ''),
(674, 2, 325, 200, 0, 0, 200, '0000-00-00', ''),
(675, 2, 326, 200, 0, 0, 200, '0000-00-00', ''),
(676, 2, 327, 200, 0, 0, 200, '0000-00-00', ''),
(677, 2, 328, 200, 0, 0, 200, '0000-00-00', ''),
(678, 2, 329, 200, 0, 0, 200, '0000-00-00', ''),
(679, 2, 330, 200, 0, 0, 200, '0000-00-00', ''),
(680, 2, 331, 200, 0, 0, 200, '0000-00-00', ''),
(681, 2, 332, 200, 0, 0, 200, '0000-00-00', ''),
(682, 2, 333, 200, 0, 0, 200, '0000-00-00', ''),
(683, 2, 334, 200, 0, 0, 200, '0000-00-00', ''),
(684, 2, 335, 200, 0, 0, 200, '0000-00-00', ''),
(685, 2, 336, 200, 0, 0, 200, '0000-00-00', ''),
(686, 2, 337, 200, 0, 0, 200, '0000-00-00', ''),
(687, 2, 338, 200, 0, 0, 200, '0000-00-00', ''),
(688, 2, 339, 200, 0, 0, 200, '0000-00-00', ''),
(689, 2, 340, 200, 0, 0, 200, '0000-00-00', ''),
(690, 2, 341, 200, 0, 0, 200, '0000-00-00', ''),
(691, 2, 342, 200, 0, 0, 200, '0000-00-00', ''),
(692, 2, 343, 200, 0, 0, 200, '0000-00-00', ''),
(693, 2, 344, 200, 0, 0, 200, '0000-00-00', ''),
(694, 2, 345, 200, 0, 0, 200, '0000-00-00', ''),
(695, 2, 346, 200, 0, 0, 200, '0000-00-00', ''),
(696, 2, 347, 200, 0, 0, 200, '0000-00-00', ''),
(697, 2, 348, 200, 0, 0, 200, '0000-00-00', ''),
(698, 2, 349, 200, 0, 0, 200, '0000-00-00', ''),
(699, 2, 350, 200, 0, 0, 200, '0000-00-00', ''),
(700, 2, 351, 200, 0, 0, 200, '0000-00-00', ''),
(701, 2, 352, 200, 0, 0, 200, '0000-00-00', ''),
(702, 2, 353, 200, 0, 0, 200, '0000-00-00', ''),
(703, 2, 354, 200, 0, 0, 200, '0000-00-00', ''),
(704, 2, 355, 200, 0, 0, 200, '0000-00-00', ''),
(705, 2, 356, 200, 0, 0, 200, '0000-00-00', ''),
(706, 2, 357, 200, 0, 0, 200, '0000-00-00', ''),
(707, 2, 358, 200, 0, 0, 200, '0000-00-00', ''),
(708, 2, 359, 200, 0, 0, 200, '0000-00-00', ''),
(709, 2, 360, 200, 0, 0, 200, '0000-00-00', ''),
(710, 2, 361, 200, 0, 0, 200, '0000-00-00', ''),
(711, 2, 362, 200, 0, 0, 200, '0000-00-00', ''),
(712, 2, 363, 200, 0, 0, 200, '0000-00-00', ''),
(713, 2, 364, 200, 0, 0, 200, '0000-00-00', ''),
(714, 2, 365, 200, 0, 0, 200, '0000-00-00', ''),
(715, 2, 366, 200, 0, 0, 200, '0000-00-00', ''),
(716, 2, 367, 200, 0, 0, 200, '0000-00-00', ''),
(717, 2, 368, 200, 0, 0, 200, '0000-00-00', ''),
(718, 2, 369, 200, 0, 0, 200, '0000-00-00', ''),
(719, 2, 370, 200, 0, 0, 200, '0000-00-00', ''),
(720, 2, 371, 200, 0, 0, 200, '0000-00-00', ''),
(721, 2, 372, 200, 0, 0, 200, '0000-00-00', ''),
(722, 2, 373, 200, 0, 0, 200, '0000-00-00', ''),
(723, 2, 374, 200, 0, 0, 200, '0000-00-00', ''),
(724, 2, 375, 200, 0, 0, 200, '0000-00-00', ''),
(725, 2, 376, 200, 0, 0, 200, '0000-00-00', ''),
(726, 2, 377, 200, 0, 0, 200, '0000-00-00', ''),
(727, 2, 378, 200, 0, 0, 200, '0000-00-00', ''),
(728, 2, 379, 200, 0, 0, 200, '0000-00-00', ''),
(729, 2, 380, 200, 0, 0, 200, '0000-00-00', ''),
(730, 2, 381, 200, 0, 0, 200, '0000-00-00', ''),
(731, 2, 382, 200, 0, 0, 200, '0000-00-00', ''),
(732, 2, 383, 200, 0, 0, 200, '0000-00-00', ''),
(733, 2, 384, 200, 0, 0, 200, '0000-00-00', ''),
(734, 2, 385, 200, 0, 0, 200, '0000-00-00', ''),
(735, 2, 386, 200, 0, 0, 200, '0000-00-00', ''),
(736, 2, 387, 200, 0, 0, 200, '0000-00-00', ''),
(737, 2, 388, 200, 0, 0, 200, '0000-00-00', ''),
(738, 2, 389, 200, 0, 0, 200, '0000-00-00', ''),
(739, 2, 390, 200, 0, 0, 200, '0000-00-00', ''),
(740, 2, 391, 200, 0, 0, 200, '0000-00-00', ''),
(741, 2, 392, 200, 0, 0, 200, '0000-00-00', ''),
(742, 2, 393, 200, 0, 0, 200, '0000-00-00', ''),
(743, 2, 394, 200, 0, 0, 200, '0000-00-00', ''),
(744, 2, 395, 200, 0, 0, 200, '0000-00-00', ''),
(745, 3, 24, 200, 20, 0, 180, '0000-00-00', ''),
(746, 3, 25, 200, 0, 0, 200, '0000-00-00', ''),
(747, 3, 26, 200, 0, 0, 200, '0000-00-00', ''),
(748, 3, 27, 200, 0, 0, 200, '0000-00-00', ''),
(749, 3, 28, 200, 0, 0, 200, '0000-00-00', ''),
(750, 3, 29, 200, 0, 0, 200, '0000-00-00', ''),
(751, 3, 30, 200, 0, 0, 200, '0000-00-00', ''),
(752, 3, 31, 200, 0, 0, 200, '0000-00-00', ''),
(753, 3, 32, 200, 0, 0, 200, '0000-00-00', ''),
(754, 3, 33, 200, 0, 0, 200, '0000-00-00', ''),
(755, 3, 34, 200, 0, 0, 200, '0000-00-00', ''),
(756, 3, 35, 200, 0, 0, 200, '0000-00-00', ''),
(757, 3, 36, 200, 0, 0, 200, '0000-00-00', ''),
(758, 3, 37, 200, 0, 0, 200, '0000-00-00', ''),
(759, 3, 38, 200, 0, 0, 200, '0000-00-00', ''),
(760, 3, 39, 200, 0, 0, 200, '0000-00-00', ''),
(761, 3, 40, 200, 0, 0, 200, '0000-00-00', ''),
(762, 3, 41, 200, 0, 0, 200, '0000-00-00', ''),
(763, 3, 42, 200, 0, 0, 200, '0000-00-00', ''),
(764, 3, 43, 200, 0, 0, 200, '0000-00-00', ''),
(765, 3, 44, 200, 0, 0, 200, '0000-00-00', ''),
(766, 3, 45, 200, 0, 0, 200, '0000-00-00', ''),
(767, 3, 46, 200, 0, 0, 200, '0000-00-00', ''),
(768, 3, 47, 200, 0, 0, 200, '0000-00-00', ''),
(769, 3, 48, 200, 0, 0, 200, '0000-00-00', ''),
(770, 3, 49, 200, 0, 0, 200, '0000-00-00', ''),
(771, 3, 50, 200, 0, 0, 200, '0000-00-00', ''),
(772, 3, 51, 200, 0, 0, 200, '0000-00-00', ''),
(773, 3, 52, 200, 0, 0, 200, '0000-00-00', ''),
(774, 3, 53, 200, 0, 0, 200, '0000-00-00', ''),
(775, 3, 54, 200, 0, 0, 200, '0000-00-00', ''),
(776, 3, 55, 200, 0, 0, 200, '0000-00-00', ''),
(777, 3, 56, 200, 0, 0, 200, '0000-00-00', ''),
(778, 3, 57, 200, 0, 0, 200, '0000-00-00', ''),
(779, 3, 58, 200, 0, 0, 200, '0000-00-00', ''),
(780, 3, 59, 200, 0, 0, 200, '0000-00-00', ''),
(781, 3, 60, 200, 0, 0, 200, '0000-00-00', ''),
(782, 3, 61, 200, 0, 0, 200, '0000-00-00', ''),
(783, 3, 62, 200, 0, 0, 200, '0000-00-00', ''),
(784, 3, 63, 200, 0, 0, 200, '0000-00-00', ''),
(785, 3, 64, 200, 0, 0, 200, '0000-00-00', ''),
(786, 3, 65, 200, 0, 0, 200, '0000-00-00', ''),
(787, 3, 66, 200, 0, 0, 200, '0000-00-00', ''),
(788, 3, 67, 200, 0, 0, 200, '0000-00-00', ''),
(789, 3, 68, 200, 0, 0, 200, '0000-00-00', ''),
(790, 3, 69, 200, 0, 0, 200, '0000-00-00', ''),
(791, 3, 70, 200, 0, 0, 200, '0000-00-00', ''),
(792, 3, 71, 200, 0, 0, 200, '0000-00-00', ''),
(793, 3, 72, 200, 0, 0, 200, '0000-00-00', ''),
(794, 3, 73, 200, 0, 0, 200, '0000-00-00', ''),
(795, 3, 74, 200, 0, 0, 200, '0000-00-00', ''),
(796, 3, 75, 200, 0, 0, 200, '0000-00-00', ''),
(797, 3, 76, 200, 0, 0, 200, '0000-00-00', ''),
(798, 3, 77, 200, 0, 0, 200, '0000-00-00', ''),
(799, 3, 78, 200, 0, 0, 200, '0000-00-00', ''),
(800, 3, 79, 200, 0, 0, 200, '0000-00-00', ''),
(801, 3, 80, 200, 0, 0, 200, '0000-00-00', ''),
(802, 3, 81, 200, 0, 0, 200, '0000-00-00', ''),
(803, 3, 82, 200, 0, 0, 200, '0000-00-00', ''),
(804, 3, 83, 200, 0, 0, 200, '0000-00-00', ''),
(805, 3, 84, 200, 0, 0, 200, '0000-00-00', ''),
(806, 3, 85, 200, 0, 0, 200, '0000-00-00', ''),
(807, 3, 86, 200, 0, 0, 200, '0000-00-00', ''),
(808, 3, 87, 200, 0, 0, 200, '0000-00-00', ''),
(809, 3, 88, 200, 0, 0, 200, '0000-00-00', ''),
(810, 3, 89, 200, 0, 0, 200, '0000-00-00', ''),
(811, 3, 90, 200, 0, 0, 200, '0000-00-00', ''),
(812, 3, 91, 200, 0, 0, 200, '0000-00-00', ''),
(813, 3, 92, 200, 0, 0, 200, '0000-00-00', ''),
(814, 3, 93, 200, 0, 0, 200, '0000-00-00', ''),
(815, 3, 94, 200, 0, 0, 200, '0000-00-00', ''),
(816, 3, 95, 200, 0, 0, 200, '0000-00-00', ''),
(817, 3, 96, 200, 0, 0, 200, '0000-00-00', ''),
(818, 3, 97, 200, 0, 0, 200, '0000-00-00', ''),
(819, 3, 98, 200, 0, 0, 200, '0000-00-00', ''),
(820, 3, 99, 200, 0, 0, 200, '0000-00-00', ''),
(821, 3, 100, 200, 0, 0, 200, '0000-00-00', ''),
(822, 3, 101, 200, 0, 0, 200, '0000-00-00', ''),
(823, 3, 102, 200, 0, 0, 200, '0000-00-00', ''),
(824, 3, 103, 200, 0, 0, 200, '0000-00-00', ''),
(825, 3, 104, 200, 0, 0, 200, '0000-00-00', ''),
(826, 3, 105, 200, 0, 0, 200, '0000-00-00', ''),
(827, 3, 106, 200, 0, 0, 200, '0000-00-00', ''),
(828, 3, 107, 200, 0, 0, 200, '0000-00-00', ''),
(829, 3, 108, 200, 0, 0, 200, '0000-00-00', ''),
(830, 3, 109, 200, 0, 0, 200, '0000-00-00', ''),
(831, 3, 110, 200, 0, 0, 200, '0000-00-00', ''),
(832, 3, 111, 200, 0, 0, 200, '0000-00-00', ''),
(833, 3, 112, 200, 0, 0, 200, '0000-00-00', ''),
(834, 3, 113, 200, 0, 0, 200, '0000-00-00', ''),
(835, 3, 114, 200, 0, 0, 200, '0000-00-00', ''),
(836, 3, 115, 200, 0, 0, 200, '0000-00-00', ''),
(837, 3, 116, 200, 0, 0, 200, '0000-00-00', ''),
(838, 3, 117, 200, 0, 0, 200, '0000-00-00', ''),
(839, 3, 118, 200, 0, 0, 200, '0000-00-00', ''),
(840, 3, 119, 200, 0, 0, 200, '0000-00-00', ''),
(841, 3, 120, 200, 0, 0, 200, '0000-00-00', ''),
(842, 3, 121, 200, 0, 0, 200, '0000-00-00', ''),
(843, 3, 122, 200, 0, 0, 200, '0000-00-00', ''),
(844, 3, 123, 200, 0, 0, 200, '0000-00-00', ''),
(845, 3, 124, 200, 0, 0, 200, '0000-00-00', ''),
(846, 3, 125, 200, 0, 0, 200, '0000-00-00', ''),
(847, 3, 126, 200, 0, 0, 200, '0000-00-00', ''),
(848, 3, 127, 200, 0, 0, 200, '0000-00-00', ''),
(849, 3, 128, 200, 0, 0, 200, '0000-00-00', ''),
(850, 3, 129, 200, 0, 0, 200, '0000-00-00', ''),
(851, 3, 130, 200, 0, 0, 200, '0000-00-00', ''),
(852, 3, 131, 200, 0, 0, 200, '0000-00-00', ''),
(853, 3, 132, 200, 0, 0, 200, '0000-00-00', ''),
(854, 3, 133, 200, 0, 0, 200, '0000-00-00', ''),
(855, 3, 134, 200, 0, 0, 200, '0000-00-00', ''),
(856, 3, 135, 200, 0, 0, 200, '0000-00-00', ''),
(857, 3, 136, 200, 0, 0, 200, '0000-00-00', ''),
(858, 3, 137, 200, 0, 0, 200, '0000-00-00', ''),
(859, 3, 138, 200, 0, 0, 200, '0000-00-00', ''),
(860, 3, 139, 200, 0, 0, 200, '0000-00-00', ''),
(861, 3, 140, 200, 0, 0, 200, '0000-00-00', ''),
(862, 3, 141, 200, 0, 0, 200, '0000-00-00', ''),
(863, 3, 142, 200, 0, 0, 200, '0000-00-00', ''),
(864, 3, 143, 200, 0, 0, 200, '0000-00-00', ''),
(865, 3, 144, 200, 0, 0, 200, '0000-00-00', ''),
(866, 3, 145, 200, 0, 0, 200, '0000-00-00', ''),
(867, 3, 146, 200, 0, 0, 200, '0000-00-00', ''),
(868, 3, 147, 200, 0, 0, 200, '0000-00-00', ''),
(869, 3, 148, 200, 0, 0, 200, '0000-00-00', ''),
(870, 3, 149, 200, 0, 0, 200, '0000-00-00', ''),
(871, 3, 150, 200, 0, 0, 200, '0000-00-00', ''),
(872, 3, 151, 200, 0, 0, 200, '0000-00-00', ''),
(873, 3, 152, 200, 0, 0, 200, '0000-00-00', ''),
(874, 3, 153, 200, 0, 0, 200, '0000-00-00', ''),
(875, 3, 154, 200, 0, 0, 200, '0000-00-00', ''),
(876, 3, 155, 200, 0, 0, 200, '0000-00-00', ''),
(877, 3, 156, 200, 0, 0, 200, '0000-00-00', ''),
(878, 3, 157, 200, 0, 0, 200, '0000-00-00', ''),
(879, 3, 158, 200, 0, 0, 200, '0000-00-00', ''),
(880, 3, 159, 200, 0, 0, 200, '0000-00-00', ''),
(881, 3, 160, 200, 0, 0, 200, '0000-00-00', ''),
(882, 3, 161, 200, 0, 0, 200, '0000-00-00', ''),
(883, 3, 162, 200, 0, 0, 200, '0000-00-00', ''),
(884, 3, 163, 200, 0, 0, 200, '0000-00-00', ''),
(885, 3, 164, 200, 0, 0, 200, '0000-00-00', ''),
(886, 3, 165, 200, 0, 0, 200, '0000-00-00', ''),
(887, 3, 166, 200, 0, 0, 200, '0000-00-00', ''),
(888, 3, 167, 200, 0, 0, 200, '0000-00-00', ''),
(889, 3, 168, 200, 0, 0, 200, '0000-00-00', ''),
(890, 3, 169, 200, 0, 0, 200, '0000-00-00', ''),
(891, 3, 170, 200, 0, 0, 200, '0000-00-00', ''),
(892, 3, 171, 200, 0, 0, 200, '0000-00-00', ''),
(893, 3, 172, 200, 0, 0, 200, '0000-00-00', ''),
(894, 3, 173, 200, 0, 0, 200, '0000-00-00', ''),
(895, 3, 174, 200, 0, 0, 200, '0000-00-00', ''),
(896, 3, 175, 200, 0, 0, 200, '0000-00-00', ''),
(897, 3, 176, 200, 0, 0, 200, '0000-00-00', ''),
(898, 3, 177, 200, 0, 0, 200, '0000-00-00', ''),
(899, 3, 178, 200, 0, 0, 200, '0000-00-00', ''),
(900, 3, 179, 200, 0, 0, 200, '0000-00-00', ''),
(901, 3, 180, 200, 0, 0, 200, '0000-00-00', ''),
(902, 3, 181, 200, 0, 0, 200, '0000-00-00', ''),
(903, 3, 182, 200, 0, 0, 200, '0000-00-00', ''),
(904, 3, 183, 200, 0, 0, 200, '0000-00-00', ''),
(905, 3, 184, 200, 0, 0, 200, '0000-00-00', ''),
(906, 3, 185, 200, 0, 0, 200, '0000-00-00', ''),
(907, 3, 186, 200, 0, 0, 200, '0000-00-00', ''),
(908, 3, 187, 200, 0, 0, 200, '0000-00-00', ''),
(909, 3, 188, 200, 0, 0, 200, '0000-00-00', ''),
(910, 3, 189, 200, 0, 0, 200, '0000-00-00', ''),
(911, 3, 190, 200, 0, 0, 200, '0000-00-00', ''),
(912, 3, 191, 200, 0, 0, 200, '0000-00-00', ''),
(913, 3, 192, 200, 0, 0, 200, '0000-00-00', ''),
(914, 3, 193, 200, 0, 0, 200, '0000-00-00', ''),
(915, 3, 194, 200, 0, 0, 200, '0000-00-00', ''),
(916, 3, 195, 200, 0, 0, 200, '0000-00-00', ''),
(917, 3, 196, 200, 0, 0, 200, '0000-00-00', ''),
(918, 3, 197, 200, 0, 0, 200, '0000-00-00', ''),
(919, 3, 198, 200, 0, 0, 200, '0000-00-00', ''),
(920, 3, 199, 200, 0, 0, 200, '0000-00-00', ''),
(921, 3, 200, 200, 0, 0, 200, '0000-00-00', ''),
(922, 3, 201, 200, 0, 0, 200, '0000-00-00', ''),
(923, 3, 202, 200, 0, 0, 200, '0000-00-00', ''),
(924, 3, 203, 200, 0, 0, 200, '0000-00-00', ''),
(925, 3, 204, 200, 0, 0, 200, '0000-00-00', ''),
(926, 3, 205, 200, 0, 0, 200, '0000-00-00', ''),
(927, 3, 206, 200, 0, 0, 200, '0000-00-00', ''),
(928, 3, 207, 200, 0, 0, 200, '0000-00-00', ''),
(929, 3, 208, 200, 0, 0, 200, '0000-00-00', ''),
(930, 3, 209, 200, 0, 0, 200, '0000-00-00', ''),
(931, 3, 210, 200, 0, 0, 200, '0000-00-00', ''),
(932, 3, 211, 200, 0, 0, 200, '0000-00-00', ''),
(933, 3, 212, 200, 0, 0, 200, '0000-00-00', ''),
(934, 3, 213, 200, 0, 0, 200, '0000-00-00', ''),
(935, 3, 214, 200, 0, 0, 200, '0000-00-00', ''),
(936, 3, 215, 200, 0, 0, 200, '0000-00-00', ''),
(937, 3, 216, 200, 0, 0, 200, '0000-00-00', ''),
(938, 3, 217, 200, 0, 0, 200, '0000-00-00', ''),
(939, 3, 218, 200, 0, 0, 200, '0000-00-00', ''),
(940, 3, 219, 200, 0, 0, 200, '0000-00-00', ''),
(941, 3, 220, 200, 0, 0, 200, '0000-00-00', ''),
(942, 3, 221, 200, 0, 0, 200, '0000-00-00', ''),
(943, 3, 222, 200, 0, 0, 200, '0000-00-00', ''),
(944, 3, 223, 200, 0, 0, 200, '0000-00-00', ''),
(945, 3, 224, 200, 0, 0, 200, '0000-00-00', ''),
(946, 3, 225, 200, 0, 0, 200, '0000-00-00', ''),
(947, 3, 226, 200, 0, 0, 200, '0000-00-00', ''),
(948, 3, 227, 200, 0, 0, 200, '0000-00-00', ''),
(949, 3, 228, 200, 0, 0, 200, '0000-00-00', ''),
(950, 3, 229, 200, 0, 0, 200, '0000-00-00', ''),
(951, 3, 230, 200, 0, 0, 200, '0000-00-00', ''),
(952, 3, 231, 200, 0, 0, 200, '0000-00-00', ''),
(953, 3, 232, 200, 0, 0, 200, '0000-00-00', ''),
(954, 3, 233, 200, 0, 0, 200, '0000-00-00', ''),
(955, 3, 234, 200, 0, 0, 200, '0000-00-00', ''),
(956, 3, 235, 200, 0, 0, 200, '0000-00-00', ''),
(957, 3, 236, 200, 0, 0, 200, '0000-00-00', ''),
(958, 3, 237, 200, 0, 0, 200, '0000-00-00', ''),
(959, 3, 238, 200, 0, 0, 200, '0000-00-00', ''),
(960, 3, 239, 200, 0, 0, 200, '0000-00-00', ''),
(961, 3, 240, 200, 0, 0, 200, '0000-00-00', ''),
(962, 3, 241, 200, 0, 0, 200, '0000-00-00', ''),
(963, 3, 242, 200, 0, 0, 200, '0000-00-00', ''),
(964, 3, 243, 200, 0, 0, 200, '0000-00-00', ''),
(965, 3, 244, 200, 0, 0, 200, '0000-00-00', ''),
(966, 3, 245, 200, 0, 0, 200, '0000-00-00', ''),
(967, 3, 246, 200, 0, 0, 200, '0000-00-00', ''),
(968, 3, 247, 200, 0, 0, 200, '0000-00-00', ''),
(969, 3, 248, 200, 0, 0, 200, '0000-00-00', ''),
(970, 3, 249, 200, 0, 0, 200, '0000-00-00', ''),
(971, 3, 250, 200, 0, 0, 200, '0000-00-00', ''),
(972, 3, 251, 200, 0, 0, 200, '0000-00-00', ''),
(973, 3, 252, 200, 0, 0, 200, '0000-00-00', ''),
(974, 3, 253, 200, 0, 0, 200, '0000-00-00', ''),
(975, 3, 254, 200, 0, 0, 200, '0000-00-00', ''),
(976, 3, 255, 200, 0, 0, 200, '0000-00-00', ''),
(977, 3, 256, 200, 0, 0, 200, '0000-00-00', ''),
(978, 3, 257, 200, 0, 0, 200, '0000-00-00', ''),
(979, 3, 258, 200, 0, 0, 200, '0000-00-00', ''),
(980, 3, 259, 200, 0, 0, 200, '0000-00-00', ''),
(981, 3, 260, 200, 0, 0, 200, '0000-00-00', ''),
(982, 3, 261, 200, 0, 0, 200, '0000-00-00', ''),
(983, 3, 262, 200, 0, 0, 200, '0000-00-00', ''),
(984, 3, 263, 200, 0, 0, 200, '0000-00-00', ''),
(985, 3, 264, 200, 0, 0, 200, '0000-00-00', ''),
(986, 3, 265, 200, 0, 0, 200, '0000-00-00', ''),
(987, 3, 266, 200, 0, 0, 200, '0000-00-00', ''),
(988, 3, 267, 200, 0, 0, 200, '0000-00-00', ''),
(989, 3, 268, 200, 0, 0, 200, '0000-00-00', ''),
(990, 3, 269, 200, 0, 0, 200, '0000-00-00', ''),
(991, 3, 270, 200, 0, 0, 200, '0000-00-00', ''),
(992, 3, 271, 200, 0, 0, 200, '0000-00-00', ''),
(993, 3, 272, 200, 0, 0, 200, '0000-00-00', ''),
(994, 3, 273, 200, 0, 0, 200, '0000-00-00', ''),
(995, 3, 274, 200, 0, 0, 200, '0000-00-00', ''),
(996, 3, 275, 200, 0, 0, 200, '0000-00-00', ''),
(997, 3, 276, 200, 0, 0, 200, '0000-00-00', ''),
(998, 3, 277, 200, 0, 0, 200, '0000-00-00', ''),
(999, 3, 278, 200, 0, 0, 200, '0000-00-00', ''),
(1000, 3, 279, 200, 0, 0, 200, '0000-00-00', ''),
(1001, 3, 280, 200, 0, 0, 200, '0000-00-00', ''),
(1002, 3, 281, 200, 0, 0, 200, '0000-00-00', ''),
(1003, 3, 282, 200, 0, 0, 200, '0000-00-00', ''),
(1004, 3, 283, 200, 0, 0, 200, '0000-00-00', ''),
(1005, 3, 284, 200, 0, 0, 200, '0000-00-00', ''),
(1006, 3, 285, 200, 0, 0, 200, '0000-00-00', ''),
(1007, 3, 286, 200, 0, 0, 200, '0000-00-00', ''),
(1008, 3, 287, 200, 0, 0, 200, '0000-00-00', ''),
(1009, 3, 288, 200, 0, 0, 200, '0000-00-00', ''),
(1010, 3, 289, 200, 0, 0, 200, '0000-00-00', ''),
(1011, 3, 290, 200, 0, 0, 200, '0000-00-00', ''),
(1012, 3, 291, 200, 0, 0, 200, '0000-00-00', ''),
(1013, 3, 292, 200, 0, 0, 200, '0000-00-00', ''),
(1014, 3, 293, 200, 0, 0, 200, '0000-00-00', ''),
(1015, 3, 294, 200, 0, 0, 200, '0000-00-00', ''),
(1016, 3, 295, 200, 0, 0, 200, '0000-00-00', ''),
(1017, 3, 296, 200, 0, 0, 200, '0000-00-00', ''),
(1018, 3, 297, 200, 0, 0, 200, '0000-00-00', ''),
(1019, 3, 298, 200, 0, 0, 200, '0000-00-00', ''),
(1020, 3, 299, 200, 0, 0, 200, '0000-00-00', ''),
(1021, 3, 300, 200, 0, 0, 200, '0000-00-00', ''),
(1022, 3, 301, 200, 0, 0, 200, '0000-00-00', ''),
(1023, 3, 302, 200, 0, 0, 200, '0000-00-00', ''),
(1024, 3, 303, 200, 0, 0, 200, '0000-00-00', ''),
(1025, 3, 304, 200, 0, 0, 200, '0000-00-00', ''),
(1026, 3, 305, 200, 0, 0, 200, '0000-00-00', ''),
(1027, 3, 306, 200, 0, 0, 200, '0000-00-00', ''),
(1028, 3, 307, 200, 0, 0, 200, '0000-00-00', ''),
(1029, 3, 308, 200, 0, 0, 200, '0000-00-00', ''),
(1030, 3, 309, 200, 0, 0, 200, '0000-00-00', ''),
(1031, 3, 310, 200, 0, 0, 200, '0000-00-00', ''),
(1032, 3, 311, 200, 0, 0, 200, '0000-00-00', ''),
(1033, 3, 312, 200, 0, 0, 200, '0000-00-00', ''),
(1034, 3, 313, 200, 0, 0, 200, '0000-00-00', ''),
(1035, 3, 314, 200, 0, 0, 200, '0000-00-00', ''),
(1036, 3, 315, 200, 0, 0, 200, '0000-00-00', ''),
(1037, 3, 316, 200, 0, 0, 200, '0000-00-00', ''),
(1038, 3, 317, 200, 0, 0, 200, '0000-00-00', ''),
(1039, 3, 318, 200, 0, 0, 200, '0000-00-00', ''),
(1040, 3, 319, 200, 0, 0, 200, '0000-00-00', ''),
(1041, 3, 320, 200, 0, 0, 200, '0000-00-00', ''),
(1042, 3, 321, 200, 0, 0, 200, '0000-00-00', ''),
(1043, 3, 322, 200, 0, 0, 200, '0000-00-00', ''),
(1044, 3, 323, 200, 0, 0, 200, '0000-00-00', ''),
(1045, 3, 324, 200, 0, 0, 200, '0000-00-00', ''),
(1046, 3, 325, 200, 0, 0, 200, '0000-00-00', ''),
(1047, 3, 326, 200, 0, 0, 200, '0000-00-00', ''),
(1048, 3, 327, 200, 0, 0, 200, '0000-00-00', ''),
(1049, 3, 328, 200, 0, 0, 200, '0000-00-00', ''),
(1050, 3, 329, 200, 0, 0, 200, '0000-00-00', ''),
(1051, 3, 330, 200, 0, 0, 200, '0000-00-00', ''),
(1052, 3, 331, 200, 0, 0, 200, '0000-00-00', ''),
(1053, 3, 332, 200, 0, 0, 200, '0000-00-00', ''),
(1054, 3, 333, 200, 0, 0, 200, '0000-00-00', ''),
(1055, 3, 334, 200, 0, 0, 200, '0000-00-00', ''),
(1056, 3, 335, 200, 0, 0, 200, '0000-00-00', ''),
(1057, 3, 336, 200, 0, 0, 200, '0000-00-00', ''),
(1058, 3, 337, 200, 0, 0, 200, '0000-00-00', ''),
(1059, 3, 338, 200, 0, 0, 200, '0000-00-00', ''),
(1060, 3, 339, 200, 0, 0, 200, '0000-00-00', ''),
(1061, 3, 340, 200, 0, 0, 200, '0000-00-00', ''),
(1062, 3, 341, 200, 0, 0, 200, '0000-00-00', ''),
(1063, 3, 342, 200, 0, 0, 200, '0000-00-00', ''),
(1064, 3, 343, 200, 0, 0, 200, '0000-00-00', ''),
(1065, 3, 344, 200, 0, 0, 200, '0000-00-00', ''),
(1066, 3, 345, 200, 0, 0, 200, '0000-00-00', '');
INSERT INTO `warehouse_product` (`wh_pd_ID`, `whID`, `productID`, `stockTake`, `outQuantity`, `inQuantity`, `total`, `date`, `description`) VALUES
(1067, 3, 346, 200, 0, 0, 200, '0000-00-00', ''),
(1068, 3, 347, 200, 0, 0, 200, '0000-00-00', ''),
(1069, 3, 348, 200, 0, 0, 200, '0000-00-00', ''),
(1070, 3, 349, 200, 0, 0, 200, '0000-00-00', ''),
(1071, 3, 350, 200, 0, 0, 200, '0000-00-00', ''),
(1072, 3, 351, 200, 0, 0, 200, '0000-00-00', ''),
(1073, 3, 352, 200, 0, 0, 200, '0000-00-00', ''),
(1074, 3, 353, 200, 0, 0, 200, '0000-00-00', ''),
(1075, 3, 354, 200, 0, 0, 200, '0000-00-00', ''),
(1076, 3, 355, 200, 0, 0, 200, '0000-00-00', ''),
(1077, 3, 356, 200, 0, 0, 200, '0000-00-00', ''),
(1078, 3, 357, 200, 0, 0, 200, '0000-00-00', ''),
(1079, 3, 358, 200, 0, 0, 200, '0000-00-00', ''),
(1080, 3, 359, 200, 0, 0, 200, '0000-00-00', ''),
(1081, 3, 360, 200, 0, 0, 200, '0000-00-00', ''),
(1082, 3, 361, 200, 0, 0, 200, '0000-00-00', ''),
(1083, 3, 362, 200, 0, 0, 200, '0000-00-00', ''),
(1084, 3, 363, 200, 0, 0, 200, '0000-00-00', ''),
(1085, 3, 364, 200, 0, 0, 200, '0000-00-00', ''),
(1086, 3, 365, 200, 0, 0, 200, '0000-00-00', ''),
(1087, 3, 366, 200, 0, 0, 200, '0000-00-00', ''),
(1088, 3, 367, 200, 0, 0, 200, '0000-00-00', ''),
(1089, 3, 368, 200, 0, 0, 200, '0000-00-00', ''),
(1090, 3, 369, 200, 0, 0, 200, '0000-00-00', ''),
(1091, 3, 370, 200, 0, 0, 200, '0000-00-00', ''),
(1092, 3, 371, 200, 0, 0, 200, '0000-00-00', ''),
(1093, 3, 372, 200, 0, 0, 200, '0000-00-00', ''),
(1094, 3, 373, 200, 0, 0, 200, '0000-00-00', ''),
(1095, 3, 374, 200, 0, 0, 200, '0000-00-00', ''),
(1096, 3, 375, 200, 0, 0, 200, '0000-00-00', ''),
(1097, 3, 376, 200, 0, 0, 200, '0000-00-00', ''),
(1098, 3, 377, 200, 0, 0, 200, '0000-00-00', ''),
(1099, 3, 378, 200, 0, 0, 200, '0000-00-00', ''),
(1100, 3, 379, 200, 0, 0, 200, '0000-00-00', ''),
(1101, 3, 380, 200, 0, 0, 200, '0000-00-00', ''),
(1102, 3, 381, 200, 0, 0, 200, '0000-00-00', ''),
(1103, 3, 382, 200, 0, 0, 200, '0000-00-00', ''),
(1104, 3, 383, 200, 0, 0, 200, '0000-00-00', ''),
(1105, 3, 384, 200, 0, 0, 200, '0000-00-00', ''),
(1106, 3, 385, 200, 0, 0, 200, '0000-00-00', ''),
(1107, 3, 386, 200, 0, 0, 200, '0000-00-00', ''),
(1108, 3, 387, 200, 0, 0, 200, '0000-00-00', ''),
(1109, 3, 388, 200, 0, 0, 200, '0000-00-00', ''),
(1110, 3, 389, 200, 0, 0, 200, '0000-00-00', ''),
(1111, 3, 390, 200, 0, 0, 200, '0000-00-00', ''),
(1112, 3, 391, 200, 0, 0, 200, '0000-00-00', ''),
(1113, 3, 392, 200, 0, 0, 200, '0000-00-00', ''),
(1114, 3, 393, 200, 0, 0, 200, '0000-00-00', ''),
(1115, 3, 394, 200, 0, 0, 200, '0000-00-00', ''),
(1116, 1, 396, 0, 0, 0, 0, '0000-00-00', '');

/*!40101 SET CHARACTER_SET_CLIENT=@OLD_CHARACTER_SET_CLIENT */;
/*!40101 SET CHARACTER_SET_RESULTS=@OLD_CHARACTER_SET_RESULTS */;
/*!40101 SET COLLATION_CONNECTION=@OLD_COLLATION_CONNECTION */;
